Node,Degree,Eigenvector,Betweenness,Closeness
A2M,91,0.018571382,412.18857,0.4319853
AATF,4,5.15E-04,1.0048585,0.3624306
ABCB1,131,0.018982448,12335.88,0.4666402
ABCG2,94,0.013543359,6815.1514,0.44507575
ABHD2,229,0.031266518,4286.164,0.43591172
ABL1,9,0.001040559,13.857401,0.37313432
ABL2,255,0.033500448,6487.6055,0.4404048
ACADVL,100,0.01728321,541.3547,0.41548797
ACKR3,90,0.014823862,804.975,0.41373238
ACLY,219,0.03119161,3657.1282,0.43422025
ACTL6A,112,0.019318042,810.53424,0.41733262
ACTN4,219,0.029866382,3954.4512,0.4339797
ADAM10,240,0.033583116,4893.49,0.45131552
ADAMTS12,72,0.016180802,132.34973,0.41112667
ADAMTS18,27,0.004759559,41.19365,0.39972785
ADGRE5,112,0.021253606,545.15564,0.43623537
ADGRG1,99,0.019060565,338.37692,0.41395104
ADM,122,0.01907644,2062.9875,0.42518544
ADRM1,111,0.017029852,886.1282,0.41674057
AEBP1,47,0.0100748,65.83333,0.4060826
AES,1,6.45E-05,0,0.29174426
AGER,12,0.001947519,9.366087,0.41409692
AGK,67,0.012961888,159.92346,0.40962175
AGO2,333,0.03947215,8547.255,0.45349285
AGO3,251,0.032590188,4501.212,0.43925235
AGR2,36,0.005769942,561.7577,0.41402397
AHCY,119,0.020101417,866.19763,0.41807508
AHR,7,7.41E-04,7.3404293,0.36231884
AIFM1,71,0.013629107,278.4548,0.4100506
AIFM2,64,0.010277836,271.9052,0.4079861
AIM2,14,0.002607778,8.443646,0.39790043
AJUBA,130,0.022603922,724.2458,0.41956794
AKAP4,8,0.00167219,1.7482979,0.39010623
AKIP1,59,0.009430018,268.9454,0.4079861
AKNA,51,0.01010236,96.759964,0.40734962
AKR1C1,18,0.003866627,8.368185,0.4008187
AKR1C2,42,0.0064529,158.67032,0.4063635
AKR1C3,28,0.003538067,66.34219,0.4114866
AKT1,194,0.026559122,4672.78,0.4580004
AKT2,125,0.019314094,2405.7917,0.4317472
ALCAM,180,0.027692206,1851.3938,0.428207
ALDH1A1,46,0.006649701,681.7952,0.41615018
ALDH3A1,16,0.002198484,13.005932,0.39608967
ALDH7A1,61,0.012516974,108.504036,0.40855354
ALOX12,10,0.00136884,68.65046,0.42735043
AMER1,140,0.022779413,1231.1815,0.42182732
AMOTL1,199,0.028949091,2707.985,0.43111357
ANG,33,0.003885725,664.958,0.4022595
ANGPT1,36,0.006521805,114.372215,0.40391886
ANGPT2,65,0.010483577,7111.9194,0.42727274
ANLN,231,0.031592924,3547.8145,0.43647847
ANXA1,124,0.021216037,2014.871,0.41941816
ANXA2,125,0.019820336,1231.5923,0.4191937
ANXA4,49,0.008689543,197.46114,0.4058722
ANXA8,10,0.00195714,3.347001,0.4053821
APBB1,1,1.04E-04,0,0.29902023
APC,216,0.029997861,16243.823,0.4660849
APEX1,2,2.45E-04,0,0.3430156
API5,179,0.027315734,5646.1367,0.428129
APLP2,234,0.032367025,4399.9,0.4367218
APOBEC3B,42,0.007942427,59.687263,0.4058722
APOBEC3G,29,0.005140936,38.435596,0.403295
APOC1,12,0.001982309,7.615135,0.39763114
APOD,33,0.00788309,4722.6255,0.40405777
APOL2,46,0.009098993,95.1227,0.4059423
AQP1,49,0.009723138,102.46938,0.40671512
AQP3,80,0.012225498,735.11414,0.4243409
AR,212,0.028508808,59820.63,0.4961993
ARFGEF1,203,0.0303503,2455.1516,0.43182653
ARHGAP1,144,0.023988824,957.24243,0.4221304
ARHGAP12,205,0.02992939,2487.6113,0.43222365
ARHGAP17,118,0.020584319,838.9727,0.4182239
ARHGAP5,245,0.033566434,3702.4138,0.43892416
ARHGAP6,26,0.004517212,39.700893,0.40136635
ARHGAP8,33,0.008205603,21.539082,0.40336424
ARID1A,316,0.03786424,8778.213,0.4681275
ARID2,225,0.032327976,3379.256,0.43591172
ARID3A,3,3.01E-04,0.3608733,0.34251568
ARL2,81,0.015841758,253.49686,0.41278765
ARMCX1,72,0.013304634,193.24669,0.41048035
ARNT,7,8.29E-04,8.557204,0.3650769
ARNTL,1,5.45E-05,0,0.29131028
ARNTL2,1,1.07E-04,0,0.3196409
ARTN,17,0.003974766,31.488272,0.39844015
ASAH1,99,0.018301979,553.99304,0.4271174
ASCL1,1,6.48E-05,0,0.31019008
ASF1B,161,0.024414398,1443.2816,0.43254188
ASH1L,2,1.03E-04,0.13735779,0.31463382
ASRGL1,53,0.010583109,97.0185,0.40699688
ASXL1,201,0.029664338,2808.1538,0.43454143
ATAD2,190,0.028412038,2388.5347,0.4416463
ATF1,131,0.02065021,4766.342,0.45201
ATF2,14,0.001250076,69.41234,0.37593985
ATF3,6,3.90E-04,7.2952013,0.3475817
ATF4,10,0.001007104,12.5500145,0.36009806
ATF5,3,3.23E-04,0.88921505,0.3440703
ATF6,3,3.12E-04,0.27820697,0.32853347
ATF7,1,8.69E-05,0,0.3148024
ATG12,104,0.019530272,543.4344,0.41556144
ATG3,98,0.017024513,566.55273,0.41482788
ATIC,127,0.021312445,964.93146,0.42009297
ATM,13,0.001542418,20.98928,0.3767837
ATOH1,1,3.11E-06,0,0.2753691
ATP9A,192,0.027842015,2968.5764,0.43040293
ATRAID,83,0.014775252,433.79126,0.4114866
ATRNL1,146,0.02383858,1352.0316,0.42228213
ATRX,1,1.77E-05,0,0.2913464
ATXN7L3,192,0.028703418,2005.206,0.43040293
AURKA,119,0.019501166,3382.032,0.43917024
AURKB,105,0.01740799,1377.2059,0.42993048
AURKC,3,8.95E-04,0.07317951,0.39036545
AXIN2,89,0.015737843,897.84106,0.43999252
B3GNT3,36,0.008127499,41.462772,0.40461433
B4GALT3,104,0.019085899,466.43863,0.4162976
B4GALT5,240,0.033069286,4121.649,0.45114225
BACH1,1,3.76E-05,0,0.31225085
BACH2,2,1.28E-04,1.7807633,0.3293623
BAD,30,0.005115473,106.352646,0.41666666
BAG1,104,0.018634308,5251.8804,0.42672962
BAG3,132,0.0209833,2263.604,0.42076993
BAK1,87,0.013445872,1353.625,0.41336852
BANF1,56,0.011033227,112.009285,0.40742025
BAP1,148,0.02303315,5529.5605,0.42281395
BARD1,1,1.09E-04,0,0.33187404
BARX2,1,1.09E-04,0,0.33187404
BASP1,94,0.014339769,590.9881,0.41409692
BAX,139,0.018621057,10745.338,0.45925346
BCAP31,79,0.014299408,250.48485,0.41163075
BCDIN3D,59,0.011520756,124.06966,0.4074909
BCL2,256,0.030059941,51982.74,0.48493603
BCL2L1,168,0.02605351,5985.67,0.46087468
BCL2L11,277,0.03375587,9344.295,0.45675412
BCL2L2,186,0.026095016,2831.228,0.4293806
BCL3,75,0.011805369,421.90808,0.44065255
BCL6,162,0.023383303,21159.195,0.46943668
BDNF,118,0.018571151,3053.518,0.41785207
BDP1,3,3.64E-04,0,0.35579106
BECN1,151,0.02301254,1583.5614,0.43389955
BGN,58,0.010896386,222.08475,0.42334715
BHLHE41,2,2.27E-04,0.6447321,0.33774072
BICD2,215,0.029824153,3129.3384,0.43349937
BIN1,1,1.64E-04,0,0.3426655
BIRC2,136,0.022240356,1153.2291,0.4330999
BIRC3,149,0.022502108,2305.2214,0.44139746
BIRC5,188,0.026048541,7274.731,0.4707532
BMI1,204,0.027828466,9783.174,0.45604503
BMP7,74,0.012670574,3182.4062,0.41076735
BPTF,1,5.94E-05,0,0.29254326
BRCA1,30,0.003197728,336.23035,0.3918626
BRCA2,2,7.05E-05,0.5886503,0.3100673
BRCC3,49,0.008268285,130.99942,0.40510258
BRD4,255,0.033767954,5516.075,0.4409833
BRD7,1,1.42E-04,0,0.3252595
BRD9,27,0.004367975,36.847427,0.4003407
BRF1,40,0.006385876,123.36826,0.4048932
BRF2,72,0.014160316,197.50345,0.40983605
BRIP1,132,0.02302491,932.87756,0.42797303
BRIX1,122,0.02016658,993.0497,0.4182239
BSG,135,0.021235552,1193.4,0.44281137
BST2,67,0.011360688,759.505,0.40983605
BTF3,3,3.30E-04,0.48052529,0.34778747
BTG2,303,0.035277877,16311.136,0.47861508
BTG3,163,0.023233136,2216.9563,0.43454143
BTN3A1,61,0.01093621,164.76161,0.40926507
BZW2,102,0.01807385,502.2052,0.4149744
C1QBP,109,0.017644776,526.5411,0.4354271
C3,119,0.020708637,1427.405,0.41829833
C5orf22,133,0.022476632,1299.7612,0.41979277
C5orf28,5,0.001369519,0.14560689,0.3786658
CACYBP,89,0.0156526,513.2157,0.4131505
CADM1,86,0.013033183,884.24,0.41264266
CAMKV,85,0.015300396,325.3682,0.41155866
CARM1,140,0.0224929,1473.2999,0.439581
CASP3,176,0.025191672,11006.738,0.4530557
CASP9,47,0.008575666,325.32217,0.4297732
CAT,90,0.01650649,8343.199,0.43966323
CAV1,205,0.029412447,5825.235,0.45323047
CAVIN3,32,0.006957664,24.88067,0.40294924
CBFB,2,1.57E-04,0,0.32738924
CBX5,333,0.038808133,10160.171,0.46223447
CBX7,67,0.010170886,568.738,0.42603335
CBX8,63,0.010383962,607.5609,0.43071848
CBY1,59,0.010711707,128.77605,0.40826964
CCDC34,39,0.007163179,48.70166,0.403295
CCDC7,18,0.003240028,10.715822,0.3974294
CCL20,37,0.005279835,248.27539,0.4219788
CCN1,93,0.017221522,301.75995,0.41482788
CCN2,111,0.020316191,521.03046,0.4171104
CCNA1,59,0.010460477,912.91925,0.43381944
CCNB1,252,0.03283631,7298.444,0.47141424
CCNB2,101,0.017729802,471.14017,0.43802422
CCND1,410,0.042537093,82879.36,0.50777876
CCND2,356,0.03825275,44989.168,0.48563752
CCNE1,137,0.017981203,23516.105,0.45480937
CCNE2,180,0.027585922,2750.6948,0.42859748
CCNO,36,0.007439617,60.786987,0.4039883
CCR5,86,0.013079868,1967.4193,0.4369654
CCT6A,175,0.025285494,1952.6975,0.4269622
CD109,90,0.018138956,455.84668,0.4144621
CD24,79,0.01626399,227.23853,0.42258587
CD247,3,2.06E-04,8.875177,0.32552984
CD274,119,0.019453263,907.2621,0.41785207
CD276,112,0.018999176,1090.9808,0.41733262
CD34,46,0.008523622,731.23535,0.41956794
CD36,58,0.011316867,453.79163,0.41777778
CD38,40,0.007061902,114.883446,0.43438077
CD44,235,0.031975552,12766.852,0.46141765
CD55,121,0.018795708,997.2316,0.41889483
CD63,79,0.015019064,305.9141,0.41177502
CD74,54,0.009595043,138.56226,0.42296615
CD82,62,0.011153991,683.8377,0.43150938
CDC20,142,0.022822715,5892.238,0.4219788
CDC25A,201,0.028169803,8036.927,0.44172934
CDC40,91,0.016736828,325.5351,0.41300526
CDC42,162,0.023578256,2880.3618,0.42828503
CDC42BPA,163,0.026621051,1343.4703,0.42572463
CDC5L,1,7.72E-05,0,0.29426497
CDH1,228,0.031289082,32573.658,0.481163
CDH11,133,0.02352893,1358.653,0.4276615
CDH15,10,0.002360677,2.0483606,0.397295
CDH2,155,0.02319037,5663.883,0.44804576
CDH3,82,0.015851133,785.52997,0.44322896
CDH4,47,0.009564858,127.91202,0.405522
CDK1,185,0.024654815,4853.8765,0.4556913
CDK2,187,0.026891079,8063.738,0.4528811
CDK4,189,0.024676077,5736.7915,0.46719682
CDK5,32,0.006402989,30.149374,0.4032258
CDK5R1,155,0.025192667,1350.8704,0.44048735
CDK6,384,0.04085685,34952.496,0.484636
CDK7,44,0.007995056,107.977554,0.40545204
CDK8,106,0.02005644,414.59946,0.41563496
CDK9,100,0.01699663,581.0832,0.4147547
CDKN1A,388,0.038921174,152803.8,0.5125409
CDKN1B,222,0.023589244,18757.762,0.4692492
CDKN2A,72,0.007848727,11548.506,0.4503641
CDKN2C,74,0.01247415,329.8681,0.41748092
CDX1,3,2.73E-04,0.539127,0.33998844
CDX2,11,0.001046728,84.13283,0.37195316
CEACAM1,27,0.004229886,706.5379,0.42388168
CEACAM5,14,0.001040116,50.567413,0.37248376
CEACAM6,56,0.009392812,190.95476,0.40742025
CEBPA,79,0.01005117,3436.5007,0.45577967
CEBPB,166,0.023617025,6586.292,0.46562314
CEBPD,9,5.32E-04,38.89834,0.34871644
CEBPE,3,2.45E-04,5.2980423,0.34650546
CEBPG,1,2.49E-05,0,0.2974307
CEBPZ,3,2.77E-04,0.71127445,0.32940847
CELA2A,16,0.003651436,8.740645,0.3974294
CEMIP,141,0.022718523,1303.1575,0.42182732
CEP55,163,0.025749734,2906.5884,0.42503166
CES1,22,0.005074007,15.354311,0.4254934
CFL1,131,0.018400336,1075.2865,0.42009297
CFLAR,131,0.021537099,8490.084,0.45131552
CHAF1A,110,0.017931508,609.8175,0.41703638
CHD7,243,0.03303409,4411.9385,0.43810588
CHD8,3,3.54E-04,0.80224484,0.3475817
CHEK1,149,0.021904383,2100.428,0.45201
CHEK2,78,0.01281656,663.789,0.4416463
CHL1,139,0.023707505,894.569,0.42175162
CHN1,81,0.015132548,550.78784,0.4111986
CIITA,12,5.68E-04,3596.4119,0.34887174
CIP2A,102,0.021086026,341.21002,0.42472437
CISD2,70,0.01409431,225.92337,0.40955037
CITED2,2,5.20E-05,0.8693625,0.3157329
CKAP2,144,0.02273836,1204.9469,0.4220546
CKS2,79,0.013185249,467.4935,0.41134256
CLCN3,184,0.028127383,1867.8751,0.42875388
CLDN1,85,0.015335287,468.0745,0.4129327
CLDN6,4,6.12E-04,0.5885016,0.37124804
CLDN7,71,0.011262571,2535.7107,0.41622388
CLEC2B,27,0.004991872,42.811203,0.4028111
CLIC1,93,0.015349377,665.31195,0.41358677
CLOCK,1,5.45E-05,0,0.29131028
CLU,127,0.020139644,1716.3784,0.44197857
CNBP,1,1.64E-04,0,0.3426655
CNN3,164,0.025033465,2376.2375,0.42595613
CNOT1,318,0.0394631,6038.9434,0.45131552
COL1A1,186,0.02591274,9762.835,0.4562221
COPS5,2,2.34E-04,0.3385646,0.3384704
COPS6,84,0.015338354,404.7921,0.41206384
CPE,59,0.008338213,200.41866,0.4091938
CPEB1,68,0.013767686,4882.9062,0.41807508
CPEB3,231,0.03271676,3406.0881,0.43599257
CPEB4,267,0.035011895,4885.5156,0.44272795
CRABP2,74,0.012231808,704.3688,0.41703638
CREB1,29,0.00213641,282.16486,0.37891003
CREB3,1,6.93E-05,0,0.3153093
CREB5,3,2.90E-04,0.31726173,0.331406
CREBBP,10,0.001008675,15.532768,0.36862746
CREBRF,266,0.034528155,5181.4326,0.4420617
CREM,7,3.72E-04,63.664513,0.33954632
CRIP1,32,0.0062732,40.533733,0.40378007
CRKL,249,0.03211225,5924.222,0.43933445
CRNN,3,2.71E-04,0.5691081,0.330753
CRY1,77,0.013981436,14436.274,0.41098285
CRYAB,38,0.007535008,1203.9119,0.42388168
CSE1L,215,0.029999029,3749.6511,0.43405986
CSF1,146,0.024491284,4979.2944,0.44575113
CSF1R,48,0.009962861,211.42567,0.41504768
CST6,26,0.005859991,20.190119,0.40212184
CT45A1,10,0.0024492,1.5231955,0.3950908
CTBP1,2,1.17E-04,0.096579514,0.30650842
CTCF,9,6.96E-04,51.63604,0.36159408
CTCFL,1,7.27E-05,0,0.29913443
CTDSPL,151,0.025040656,1283.7767,0.42357606
CTGF,42,0.004243765,1089.3173,0.43900618
CTHRC1,70,0.01297307,270.979,0.41012216
CTNNB1,292,0.035819992,17999.299,0.48836243
CTNNBIP1,2,1.52E-04,0.068452306,0.32025075
CTSC,136,0.021633577,1549.5077,0.42046878
CTSF,63,0.013272912,138.33942,0.40933636
CTSH,44,0.008820618,67.092766,0.40545204
CTSL,101,0.018418306,607.8217,0.44247788
CTSL1,1,2.30E-04,0,0.34201717
CTSS,68,0.012855114,392.2222,0.40940768
CUL2,137,0.021643687,1308.0553,0.42001787
CUL4A,146,0.023729647,1319.8915,0.42243394
CUL4B,163,0.025262797,1849.4452,0.42533937
CUL5,171,0.025953945,1915.0225,0.42572463
CUX1,5,4.43E-04,1.0654545,0.3305204
CXCL10,57,0.007797463,4006.9885,0.42797303
CXCL11,28,0.003896806,30.176554,0.3995919
CXCL12,100,0.017819267,5417.2095,0.44448647
CXCL13,6,5.22E-04,2.833595,0.3624865
CXCL6,43,0.006597605,82.98792,0.40336424
CXCL8,164,0.023215367,15375.329,0.46415168
CXCL9,12,0.001998301,9.998039,0.3981701
CXCR2,19,0.001930029,79.01416,0.41563496
CXCR4,128,0.017756293,16663.9,0.4604232
CYCS,131,0.018942015,1141.8427,0.41926852
CYFIP2,148,0.02448763,2456.5637,0.43150938
CYP19A1,43,0.004733271,13993.832,0.4454132
CYR61,22,0.002267807,226.72154,0.4122807
DAAM2,73,0.01341839,333.33716,0.410911
DAB2,109,0.016594158,1668.6359,0.41718444
DAB2IP,142,0.02333244,997.557,0.4221304
DACH1,2,1.31E-04,2.1135082,0.32945466
DACT1,53,0.010248439,898.01984,0.40855354
DAP3,104,0.018243257,786.94684,0.41934332
DAPK1,133,0.023615725,991.87225,0.4319059
DCN,75,0.014456216,562.5424,0.42510855
DCUN1D1,167,0.026437435,1336.3514,0.42572463
DDB1,1,3.06E-05,0,0.310559
DDB2,1,1.17E-04,0,0.3266157
DDIT3,7,6.76E-04,3.0724301,0.3506416
DDOST,156,0.024717411,1224.2883,0.42357606
DDT,9,0.001268667,4.363833,0.38556194
DDX27,48,0.008306271,104.16113,0.40482342
DDX5,260,0.033358797,5766.2383,0.44651338
DEDD,1,8.40E-05,0,0.3110111
DEK,197,0.027188018,4337.4644,0.45454547
DENND4A,1,8.69E-05,0,0.3148024
DHFR,50,0.007342033,2209.1216,0.4227379
DKK2,16,0.002177363,18.74062,0.3950908
DKK3,112,0.020036433,664.0293,0.42266187
DLL4,54,0.009125087,174.53467,0.42046878
DLX5,2,2.54E-04,0.31586072,0.34579164
DMAP1,3,3.53E-04,1.707814,0.34727353
DMC1,14,0.002885699,677.3492,0.39722785
DNAJC9,88,0.013852961,513.04736,0.41336852
DNMT1,238,0.032979622,21735.854,0.48165607
DNMT3A,158,0.023640117,13617.273,0.46424338
DNMT3B,102,0.017173145,5785.247,0.43704668
DPH1,88,0.016556641,306.52103,0.41286016
DPP8,177,0.026854482,1824.2323,0.4271174
DR1,1,1.07E-04,0,0.32258064
DROSHA,161,0.02542957,1771.1006,0.43325958
DSG1,20,0.004952167,7.506904,0.39918464
DSG2,189,0.029090699,1824.4824,0.42985183
DTL,170,0.026162105,3599.2053,0.42603335
DTX3L,98,0.017305475,597.91425,0.4147547
DUSP1,184,0.025646714,5448.716,0.44490722
DUSP26,22,0.005309708,14.544371,0.40136635
DUSP7,145,0.022065837,1250.5637,0.4221304
DVL1,119,0.020315085,656.0178,0.41785207
E2F1,264,0.029584236,69332.11,0.5028889
E2F2,159,0.0236665,2173.876,0.43349937
E2F3,298,0.036325775,17011.047,0.48195243
E2F4,134,0.021765891,3426.8525,0.4637853
E2F5,130,0.021025313,1345.0397,0.4407352
E2F6,86,0.014533836,691.48865,0.4234234
E2F7,1,1.15E-04,0,0.3346625
E2F8,2,2.81E-04,0,0.35043246
EAPP,3,2.57E-04,5.182239,0.34381858
EBF3,1,1.52E-04,0,0.33890972
EBI3,24,0.002960338,54.6316,0.4206193
ECM1,57,0.01056554,515.0991,0.4079153
ECT2,178,0.027367609,3390.6194,0.4351046
EDN1,122,0.018228987,1783.6107,0.44941673
EDN2,16,0.003107084,11.169646,0.39938816
EDN3,12,0.002133478,9.097938,0.39389876
EDNRA,48,0.009369439,87.988716,0.40699688
EED,1,5.37E-05,0,0.2948557
EFEMP2,37,0.007712684,41.852734,0.40454468
EFNA1,137,0.020942677,1028.1522,0.4210715
EGF,1,9.87E-05,0,0.3234687
EGFR,236,0.032129828,21525.125,0.47803092
EGLN1,125,0.020628793,1164.5363,0.43941662
EGR1,267,0.035293136,26596.766,0.5014938
EGR2,6,2.97E-04,15.91336,0.33281404
EGR3,1,6.44E-05,0,0.3054328
EHF,1,7.09E-06,0,0.29515198
EHMT2,117,0.020145882,851.14484,0.44440243
EIF4E,100,0.018243507,403.64514,0.41541454
EIF4EBP3,2,3.53E-04,0.59772193,0.38708615
EIF5,243,0.033107996,4350.246,0.43826932
EIF5A2,136,0.022317333,1153.8502,0.4213735
ELAVL1,203,0.02865566,3333.7395,0.43182653
ELF1,2,1.33E-04,0.97589415,0.31607264
ELF2,1,4.62E-05,0,0.29338327
ELF3,7,3.05E-04,59.489113,0.33281404
ELF4,4,4.12E-04,1.78697,0.35450295
ELK1,10,8.94E-04,12.096527,0.35579106
ELK4,256,0.032960758,5650.887,0.46214357
ELL,4,4.93E-04,1.5025187,0.3581771
ELOA,132,0.021923756,734.75525,0.42084527
EMC6,64,0.012317518,207.7389,0.40898016
ENC1,194,0.029212743,2148.5806,0.43079743
ENG,60,0.01252067,420.15875,0.43000916
ENO1,218,0.030591886,4056.2585,0.4598826
ENPEP,5,5.10E-04,0.83671284,0.3557372
ENTPD5,87,0.015468998,420.70062,0.41220838
EOMES,1,1.93E-05,0,0.3099855
EP300,322,0.03926198,23412.398,0.5039674
EPAS1,4,4.14E-04,1.6692213,0.33969355
EPB41L4B,102,0.017232979,912.7379,0.4152677
EPCAM,91,0.017369973,421.1014,0.43704668
EPHA2,183,0.028555796,2175.3496,0.43917024
EPHA3,80,0.016405273,4916.8887,0.41184717
EPHB2,102,0.018467179,1825.0577,0.41578203
EPOR,58,0.010314638,954.38367,0.4317472
EPPK1,77,0.015162745,165.2768,0.41155866
EPS8,150,0.024491165,1126.9066,0.42281395
EPX,2,6.10E-04,0.013544073,0.38143158
ERBB2,161,0.022281121,37857.9,0.45934322
ERBB3,135,0.02226256,2222.894,0.42781723
ERBB4,121,0.02108813,3279.065,0.41882017
ERCC2,57,0.010230115,299.27106,0.45027784
ERG,13,8.51E-04,32.20545,0.34881994
ESM1,30,0.003467928,456.36337,0.40136635
ESR1,223,0.028054483,57076.836,0.49661878
ESR2,52,0.006219796,679.71967,0.45019156
ESRRA,96,0.015733186,1036.4739,0.43502405
ESRRG,1,1.51E-05,0,0.28728607
ETS1,222,0.028309058,18585.959,0.4841368
ETS2,15,0.001294486,72.6762,0.378361
ETV1,2,1.76E-04,0.8738573,0.3337594
ETV3,3,2.83E-04,0,0.34563905
ETV4,74,0.011591166,1001.0938,0.45943305
ETV5,1,7.02E-05,0,0.3158602
ETV6,2,2.44E-04,0.5454453,0.34181818
ETV7,1,1.10E-04,0,0.32625294
EWSR1,4,2.43E-04,5.631929,0.33394912
EYA2,17,0.003185377,9.387645,0.39979586
EZH2,174,0.024907464,11942.745,0.4805726
EZR,190,0.02707953,4848.8877,0.45551464
FABP4,14,0.001563663,94.25967,0.41622388
FABP5,25,0.003649605,203.26079,0.40075034
FAM83A,53,0.009894002,130.81587,0.40615278
FAM83F,64,0.011309332,338.33942,0.4081278
FAM83H,130,0.022167273,758.17676,0.42016807
FASLG,42,0.004616955,2021.7018,0.44984686
FASN,282,0.036360003,6126.0605,0.44830218
FASTKD3,34,0.007293874,38.277546,0.40288016
FAT1,287,0.037590396,5942.4097,0.44634378
FBXL5,144,0.023634093,1089.3478,0.4219788
FBXO31,86,0.014958612,448.40472,0.41235304
FBXW7,208,0.029458838,8150.9375,0.4329403
FERMT2,185,0.028241277,1845.1118,0.42875388
FGF1,85,0.014480982,10292.638,0.42781723
FGF2,204,0.027137198,7385.9897,0.45862606
FGF4,6,4.37E-04,23.517107,0.37007874
FGF7,42,0.006170135,161.84026,0.4296161
FGF9,84,0.013847244,5091.9917,0.4124254
FGFR1,142,0.022094633,3232.6387,0.44710806
FGFR2,83,0.015349252,309.99335,0.41257024
FHIT,22,0.00273347,64.86544,0.41336852
FHL2,115,0.01811076,7915.2812,0.4612365
FIGLA,1,9.57E-05,0,0.31752467
FKBP14,107,0.01686439,637.73,0.4171104
FLI1,8,5.84E-04,11.8395,0.3532241
FLNA,264,0.035223093,4351.2056,0.44231132
FLOT2,121,0.021506038,700.7363,0.41807508
FLT1,127,0.021931875,2088.3652,0.45201
FLT4,45,0.009230563,124.925446,0.42129797
FNDC3B,312,0.038035933,7077.9414,0.45027784
FOS,253,0.030979205,42987.445,0.4888704
FOSB,3,1.93E-04,0.7839554,0.324496
FOSL1,159,0.024539974,3917.164,0.45045045
FOSL2,10,7.19E-04,14.6419,0.3504847
FOXA1,5,4.78E-04,5.758909,0.35562953
FOXA2,40,0.006156815,324.68527,0.43079743
FOXC1,157,0.023605203,1707.8036,0.4390882
FOXC2,1,4.09E-05,0,0.2994012
FOXD1,60,0.010607235,141.29886,0.42016807
FOXD3,4,2.68E-04,1.4365915,0.32507953
FOXE1,1,2.93E-05,0,0.28806078
FOXF1,1,1.22E-04,0,0.32489976
FOXF2,93,0.015262567,790.30066,0.428207
FOXG1,113,0.019979037,833.9535,0.43761638
FOXH1,1,1.11E-04,0,0.33168668
FOXK2,208,0.028600847,3102.9363,0.4337394
FOXL2,3,2.86E-04,3.6254635,0.3429155
FOXM1,180,0.027424224,4473.274,0.47513142
FOXO1,188,0.025162026,19746.615,0.46497825
FOXO3,198,0.02793607,11152.492,0.47657675
FOXO4,2,2.45E-04,0.32513306,0.3393502
FOXP2,2,1.98E-04,0.100625955,0.32382527
FOXP3,35,0.004644603,1254.2017,0.4461743
FOXQ1,105,0.01902086,829.73395,0.43818757
FRK,140,0.021695035,1379.5045,0.42144907
FSCN1,181,0.026468562,2648.058,0.42851934
FSTL1,208,0.03059258,2600.5034,0.4323827
FTO,80,0.013930197,973.0131,0.41191936
FUBP1,222,0.031086367,3756.95,0.46087468
FUBP3,1,5.40E-05,0,0.2920343
FUNDC1,54,0.010341186,104.84868,0.40601245
FUS,174,0.02331008,3805.0063,0.4550736
FZD3,200,0.029679812,2412.5972,0.43095544
FZD4,126,0.02249441,744.03796,0.42001787
FZD7,101,0.01752458,506.29755,0.4142429
G6PC1,15,0.003920689,3.6669462,0.39535666
G6PD,114,0.020636376,1349.7894,0.41748092
GABPA,1,8.69E-05,0,0.3148024
GABRP,2,2.25E-04,0.037273016,0.32311288
GALNT7,164,0.025635354,1424.1758,0.42533937
GAPDH,200,0.027542375,3425.997,0.44465467
GARS,72,0.014970056,174.97218,0.40997908
GATA1,9,3.34E-04,66.95862,0.33614647
GATA2,3,2.21E-04,3.2701488,0.34013605
GATA3,143,0.02201524,4134.0137,0.46250737
GATA4,2,2.36E-04,1.2235471,0.33418658
GATA6,4,3.56E-04,0.68189025,0.32816646
GBX2,1,7.38E-05,0,0.3177393
GDF15,101,0.016113093,1235.1918,0.43941662
GFI1,31,0.00554261,416.3911,0.42875388
GINS2,82,0.01401038,473.75287,0.4122807
GJA1,151,0.02471372,1449.2488,0.4458357
GJB1,34,0.005820962,1636.9984,0.4032258
GJB6,41,0.008246244,52.48666,0.40412727
GLI1,38,0.005252558,482.86823,0.44549763
GLI2,110,0.01826303,3583.586,0.45410627
GLI3,1,1.92E-05,0,0.30499676
GMFB,198,0.02904579,2576.432,0.43056065
GMPS,174,0.026767489,7810.547,0.42649728
GOLM1,105,0.01767498,547.1327,0.41637138
GPNMB,95,0.016598202,818.65686,0.42464763
GPR34,19,0.003969324,14.945143,0.40143493
GPX3,65,0.012062485,204.94832,0.4091938
GRB2,198,0.027252572,3312.5,0.43079743
GRB7,60,0.012305108,145.3766,0.40905136
GREM1,102,0.016912643,1018.9396,0.41600284
GRHL2,102,0.018623829,501.97665,0.42258587
GRN,117,0.020945733,662.69,0.41740674
GSDMD,21,0.003794265,15.499702,0.3985077
GSK3B,281,0.035247866,8006.9272,0.4518362
GSN,104,0.01745211,616.28925,0.4159292
GSS,81,0.014887227,5057.876,0.42472437
GTF2F2,42,0.008066438,111.44033,0.40461433
GTF2I,2,2.23E-04,0.06465144,0.3350442
GTF3A,4,3.46E-04,0.6327038,0.33404407
GZF1,1,6.59E-05,0,0.30531377
H1-2,48,0.010432668,64.82549,0.4058722
HAVCR1,11,0.001494977,5.797439,0.3875969
HAVCR2,13,0.001533452,11.594493,0.38913727
HBA1,22,0.004527314,4895.6772,0.41105476
HBB,35,0.006387573,7474.362,0.42327088
HBP1,3,3.19E-04,2.3299227,0.34645438
HCFC1,2,2.00E-04,0.3205363,0.33856794
HCST,5,8.46E-04,1.5039355,0.393503
HDAC1,45,0.004130683,474.5784,0.40734962
HDAC10,21,0.004234113,23.99655,0.41889483
HDAC11,4,2.37E-04,17.75867,0.34604624
HDAC2,16,0.001674589,56.08444,0.3839242
HDAC3,11,8.97E-04,103.467766,0.37007874
HDAC4,14,0.001137902,47.94558,0.36955497
HDAC5,5,5.30E-04,1.5265214,0.3425656
HDAC6,65,0.014122704,121.37482,0.40955037
HDAC7,6,6.70E-04,12.2719555,0.3609831
HDAC9,10,8.56E-04,19.711395,0.36764705
HDGF,238,0.030493977,6271.582,0.45791113
HDLBP,225,0.03126439,3401.3572,0.43534642
HECW2,111,0.020680733,472.0748,0.41725853
HELLS,183,0.027343154,2052.4167,0.42906702
HENMT1,29,0.006545318,49.179077,0.40294924
HES1,3,3.62E-04,0.7644601,0.34696588
HEXIM1,2,3.08E-04,0.5313661,0.34497944
HEYL,1,1.11E-04,0,0.33168668
HIC1,7,8.48E-04,3.6413336,0.36776212
HIF1A,323,0.039531454,37261.2,0.50031936
HIF3A,31,0.007648525,16.710064,0.42266187
HINFP,1,9.64E-05,0,0.30563143
HIPK2,331,0.041008066,9756.996,0.4823481
HIPK3,305,0.03729964,7254.0713,0.44941673
HIST1H1C,74,0.011309474,340.9507,0.40990755
HIST2H2BE,51,0.009212858,282.31116,0.40720844
HIVEP2,2,7.22E-05,0.18489358,0.30872306
HK2,124,0.020199044,946.88617,0.41956794
HLA-C,91,0.013587253,4438.339,0.4355885
HLA-DQB1,25,0.004355951,3401.539,0.41563496
HLA-DRA,57,0.008947916,9522.975,0.4271174
HLA-DRB3,4,3.20E-06,6.525633,0.25941053
HLA-DRB5,44,0.006612594,4519.65,0.4060826
HLA-G,34,0.004929708,6749.1343,0.43876028
HLF,1,8.82E-05,0,0.31735313
HLX,1,7.80E-05,0,0.29426497
HMGA1,187,0.02628113,4391.067,0.46451867
HMGA2,275,0.034135528,17150.078,0.46060368
HMGB1,163,0.023587141,3442.811,0.42487797
HMGB2,203,0.02831965,2941.712,0.43422025
HMGB3,127,0.021026012,760.8731,0.42001787
HMGCS1,233,0.031053068,4057.052,0.43680298
HMGN1,2,2.17E-04,0.18362586,0.33409154
HNF1A,2,2.23E-04,0.3106733,0.33475783
HNF4A,5,4.53E-04,13.117959,0.357632
HNRNPA1,219,0.028641237,4662.6963,0.4495887
HOPX,1,1.21E-04,0,0.32839575
HOXA1,75,0.012150516,5391.2637,0.4506232
HOXA10,133,0.016889405,11684.983,0.43941662
HOXA11,1,6.59E-05,0,0.30531377
HOXA13,97,0.013195166,844.73016,0.4153411
HOXA5,120,0.018365031,2618.1028,0.41874555
HOXA7,5,3.14E-04,7.392518,0.33808085
HOXA9,5,4.23E-04,1.1441271,0.3498065
HOXB13,48,0.008821845,249.20702,0.4296161
HOXB6,70,0.011006431,526.1871,0.40962175
HOXB7,54,0.008354129,2187.865,0.45675412
HOXB8,57,0.007357278,857.0331,0.41191936
HOXC10,63,0.011576384,343.20517,0.4119916
HOXC11,83,0.015667781,411.48605,0.41220838
HOXC6,70,0.010992581,9812.147,0.41979277
HOXC8,95,0.01521995,6147.128,0.41344124
HOXC9,14,0.002450485,24.38298,0.40405777
HOXD1,1,9.62E-05,0,0.3016688
HOXD10,33,0.005142705,688.0821,0.4010239
HOXD3,3,3.08E-04,0.4138435,0.32602665
HPGD,38,0.005733667,656.4271,0.42084527
HPSE,69,0.010609864,1694.8075,0.43254188
HRAS,44,0.007126874,1203.9708,0.44081786
hsa-let-7a,5,4.92E-04,1.9057541,0.3331443
hsa-let-7a-3p,237,0.025420364,2407.8088,0.4319059
hsa-let-7a-5p,955,0.07813674,66800.586,0.5961441
hsa-let-7b-3p,269,0.028195176,3144.778,0.4363974
hsa-let-7b-5p,972,0.07829021,74997.42,0.6016385
hsa-let-7c,3,4.13E-04,1.0933323,0.35142815
hsa-let-7c-5p,877,0.07424669,49079.04,0.5764042
hsa-let-7d-3p,97,0.010566926,640.7385,0.39337128
hsa-let-7d-5p,901,0.07567963,56106.16,0.5825483
hsa-let-7e-3p,74,0.00781043,206.07909,0.38568848
hsa-let-7e-5p,911,0.07588348,56087.746,0.5837059
hsa-let-7f,3,1.58E-04,2.0169275,0.32116988
hsa-let-7f-1-3p,134,0.014818564,820.3374,0.4052423
hsa-let-7f-2-3p,350,0.03547238,5343.131,0.45201
hsa-let-7f-5p,852,0.07253863,46871.797,0.57066536
hsa-let-7g-3p,302,0.030700091,3902.1245,0.43438077
hsa-let-7g-5p,892,0.07501853,51847.29,0.5801037
hsa-let-7i,1,5.79E-05,0,0.2920706
hsa-let-7i-3p,217,0.022027532,2107.6335,0.41956794
hsa-let-7i-5p,920,0.076325916,58997.23,0.5875
hsa-mir-100,1,9.33E-05,0,0.30982202
hsa-miR-100-3p,124,0.01301853,639.8928,0.3956229
hsa-mir-100-3p,24,0.002511083,22.177483,0.3648502
hsa-miR-100-5p,138,0.01361046,1973.4084,0.4017094
hsa-mir-100-5p,75,0.006929372,812.2976,0.3885582
hsa-mir-101,4,4.33E-04,0.83659405,0.34825134
hsa-miR-101-3p,659,0.05974659,27414.66,0.52199024
hsa-mir-101-3p,323,0.028539646,13173.738,0.44778964
hsa-miR-101-5p,80,0.008831498,312.70416,0.39251712
hsa-mir-101-5p,44,0.005038248,111.99312,0.38273615
hsa-mir-103,2,1.75E-04,0.26319513,0.32051283
hsa-miR-103a-3p,833,0.07173279,41931.363,0.5643612
hsa-mir-103a-3p,420,0.038345642,10721.85,0.4685008
hsa-miR-105-5p,96,0.010302994,493.9825,0.3893952
hsa-mir-105-5p,33,0.003563355,112.96078,0.37763137
hsa-mir-106a,4,4.55E-04,3.6770396,0.35317102
hsa-miR-106a-5p,757,0.067492746,33402.547,0.54575014
hsa-mir-106a-5p,198,0.020606894,2080.9023,0.42258587
hsa-mir-106b,3,4.09E-04,1.7952756,0.3566009
hsa-miR-106b-3p,124,0.012775566,681.56854,0.405592
hsa-mir-106b-3p,36,0.003801682,69.23445,0.3786048
hsa-miR-106b-5p,794,0.06966223,36692.574,0.5533318
hsa-mir-106b-5p,260,0.026539732,3230.6743,0.43422025
hsa-miR-107,777,0.06793264,35793.55,0.5498362
hsa-mir-107,436,0.039886564,12221.384,0.47455573
hsa-mir-10a,1,4.74E-05,0,0.31068218
hsa-mir-10a-3p,60,0.006584257,184.43546,0.3864496
hsa-miR-10a-3p,42,0.004367306,76.25526,0.363271
hsa-miR-10a-5p,397,0.03851966,8989.13,0.46803427
hsa-mir-10a-5p,112,0.010985242,778.7388,0.40601245
hsa-mir-10b,2,1.19E-04,0.21402779,0.32360232
hsa-miR-10b-5p,380,0.036144614,10994.248,0.4638768
hsa-mir-10b-5p,212,0.01809718,4616.0415,0.43008783
hsa-mir-124,25,0.0022697,46.608517,0.3784219
hsa-miR-124-3p,725,0.06173139,43346.07,0.5362848
hsa-mir-124-3p,635,0.052520115,33307.758,0.5136612
hsa-miR-125a-5p,231,0.023258444,3515.2705,0.4317472
hsa-mir-125a-5p,147,0.015541179,1581.4529,0.4171104
hsa-mir-125b,16,0.00132714,35.17178,0.35687166
hsa-miR-125b-1-3p,211,0.021237439,2026.0526,0.42464763
hsa-mir-125b-1-3p,12,0.001398778,5.5409865,0.36422816
hsa-miR-125b-2-3p,119,0.013367204,584.7034,0.39642376
hsa-mir-125b-2-3p,72,0.007692397,198.85313,0.37970594
hsa-miR-125b-5p,276,0.026370615,7411.054,0.44197857
hsa-mir-125b-5p,186,0.018084552,3853.7607,0.42296615
hsa-mir-126,4,3.74E-04,1.4692134,0.33920324
hsa-mir-126-3p,179,0.014671887,2722.132,0.41615018
hsa-miR-126-3p,174,0.01621172,2287.98,0.42289004
hsa-miR-126-5p,164,0.016989052,1714.4681,0.40855354
hsa-mir-126-5p,123,0.013020875,947.35345,0.40926507
hsa-mir-128,4,4.61E-04,0.83686024,0.33974266
hsa-miR-128-3p,518,0.046009287,19919.707,0.49029836
hsa-mir-128-3p,341,0.03083022,8594.642,0.45366797
hsa-mir-129-5p,119,0.011956555,949.2842,0.40391886
hsa-miR-129-5p,83,0.00786162,441.64093,0.39330545
hsa-miR-1304-3p,194,0.019532736,1649.8135,0.4165928
hsa-mir-1304-3p,67,0.006290602,192.81021,0.37260187
hsa-miR-1307-3p,81,0.008236276,397.73517,0.3935689
hsa-mir-1307-3p,46,0.004350288,144.2717,0.37095502
hsa-mir-130a,2,1.67E-04,0.054801337,0.31154713
hsa-miR-130a-3p,552,0.0511907,20583.977,0.5010661
hsa-mir-130a-3p,261,0.02456997,4698.08,0.43999252
hsa-miR-130b-3p,609,0.05646536,22335.924,0.5161432
hsa-mir-130b-3p,150,0.015649468,1182.5756,0.41956794
hsa-miR-130b-5p,239,0.024248376,2559.8271,0.42875388
hsa-mir-130b-5p,116,0.011752018,611.51624,0.38714993
hsa-miR-132-3p,350,0.03427521,6019.114,0.45045045
hsa-mir-132-3p,132,0.013418959,976.5853,0.40720844
hsa-miR-132-5p,42,0.004261998,123.845955,0.36955497
hsa-mir-132-5p,12,0.001308921,11.195078,0.35568336
hsa-mir-135a,1,1.17E-04,0,0.31795427
hsa-miR-135a-5p,94,0.010080082,621.1863,0.40357205
hsa-mir-135a-5p,74,0.007814353,386.5188,0.39635688
hsa-mir-135b,1,1.17E-04,0,0.31795427
hsa-miR-135b-3p,210,0.021294003,2266.5579,0.4191937
hsa-mir-135b-3p,18,0.002032121,11.141022,0.34850958
hsa-miR-135b-5p,268,0.027716348,3002.435,0.4339797
hsa-mir-135b-5p,53,0.005940373,119.67761,0.37989008
hsa-mir-137,112,0.010930359,902.7019,0.3968254
hsa-miR-137-3p,37,0.004077241,55.73143,0.36343953
hsa-miR-139-5p,695,0.062952295,28115.447,0.5323969
hsa-mir-139-5p,92,0.009452531,572.3028,0.3942953
hsa-miR-140-3p,252,0.024955679,3304.6245,0.43357933
hsa-mir-140-3p,93,0.009473413,455.55746,0.3939648
hsa-miR-140-5p,254,0.026181031,3223.5068,0.43381944
hsa-mir-140-5p,101,0.010280037,706.76807,0.39363486
hsa-mir-141,5,4.93E-04,0.9381071,0.32187372
hsa-miR-141-3p,250,0.026423847,3156.3696,0.43486306
hsa-mir-141-3p,137,0.014413378,1132.1616,0.40288016
hsa-miR-141-5p,332,0.033352274,5211.396,0.4530557
hsa-mir-141-5p,111,0.011555559,552.78174,0.39542317
hsa-mir-143,2,2.04E-04,0.22084117,0.32458565
hsa-miR-143-3p,282,0.028491858,5069.056,0.44231132
hsa-mir-143-3p,126,0.012670087,1134.9558,0.39810267
hsa-mir-145,5,4.98E-04,3.1215444,0.34996277
hsa-miR-145-5p,216,0.020879723,3949.1494,0.42891037
hsa-mir-145-5p,166,0.015878707,2920.7153,0.42472437
hsa-miR-146b-5p,356,0.035734,6370.3877,0.45684293
hsa-mir-146b-5p,62,0.00613052,320.21268,0.39134055
hsa-mir-147b,23,0.002520739,22.012989,0.36109403
hsa-miR-147b-3p,250,0.024859155,2826.9033,0.4297732
hsa-mir-148a,2,1.96E-04,0.12842414,0.32716134
hsa-miR-148a-3p,595,0.05428523,22354.492,0.5094299
hsa-mir-148a-3p,209,0.021924539,3722.891,0.42969465
hsa-mir-148b,2,1.96E-04,0.12842414,0.32716134
hsa-miR-148b-3p,592,0.05471786,20436.527,0.508658
hsa-mir-148b-3p,213,0.021575714,2870.8784,0.428129
hsa-miR-148b-5p,485,0.047079068,11543.399,0.48654243
hsa-mir-148b-5p,54,0.00630653,115.519356,0.3799515
hsa-miR-149-5p,221,0.021996949,2801.7493,0.42649728
hsa-mir-149-5p,117,0.011919944,730.7006,0.4
hsa-mir-150,3,1.76E-04,2.0808284,0.32766312
hsa-miR-150-5p,144,0.014487455,1318.1068,0.41213608
hsa-mir-150-5p,65,0.005927227,404.41858,0.39642376
hsa-miR-151a-3p,263,0.026844025,3153.7812,0.43438077
hsa-mir-151a-3p,67,0.007190038,353.64194,0.38254926
hsa-miR-151a-5p,332,0.032681104,5392.7354,0.45410627
hsa-mir-151a-5p,40,0.004235845,86.60997,0.38217595
hsa-mir-152,1,1.29E-04,0,0.3251245
hsa-miR-152-3p,357,0.035836387,6503.1914,0.45961276
hsa-mir-152-3p,99,0.010862473,542.47107,0.39783308
hsa-mir-155,8,7.89E-04,8.676093,0.35899785
hsa-mir-155-5p,547,0.047316916,21355.338,0.49788135
hsa-miR-155-5p,537,0.048159286,19368.316,0.49536255
hsa-mir-15a,12,0.00134653,14.04999,0.36856964
hsa-miR-15a-3p,173,0.017661182,1502.7645,0.4119916
hsa-mir-15a-3p,70,0.007123051,319.7737,0.3958228
hsa-miR-15a-5p,931,0.076467425,63809.242,0.5892678
hsa-mir-15a-5p,278,0.02802708,4339.657,0.44181237
hsa-mir-15b,4,3.76E-04,2.51848,0.33711088
hsa-miR-15b-3p,554,0.05312621,15707.512,0.49872667
hsa-mir-15b-3p,30,0.003266976,79.57331,0.36678633
hsa-miR-15b-5p,838,0.071999185,44042.14,0.56531155
hsa-mir-15b-5p,253,0.025507892,3529.925,0.4296161
hsa-mir-16,17,0.001752554,3771.8784,0.3717178
hsa-miR-16-1-3p,206,0.021851946,2735.931,0.42541635
hsa-mir-16-1-3p,48,0.005632866,289.40588,0.38875103
hsa-miR-16-2-3p,121,0.012999536,839.61945,0.40664476
hsa-mir-16-2-3p,78,0.008080785,403.31522,0.39297658
hsa-miR-16-5p,866,0.072841376,51752.383,0.57177615
hsa-mir-16-5p,659,0.05637089,33868.85,0.5251397
hsa-mir-17,9,0.001115207,18.436352,0.36519036
hsa-miR-17-3p,302,0.030612051,4381.8237,0.4485589
hsa-mir-17-3p,182,0.0187862,1785.0864,0.4220546
hsa-miR-17-5p,855,0.07348199,46427.56,0.56886953
hsa-mir-17-5p,332,0.033084754,5951.7793,0.4530557
hsa-mir-181a,3,3.19E-04,0.5224884,0.34625018
hsa-miR-181a-2-3p,207,0.022039954,2135.734,0.4275059
hsa-mir-181a-2-3p,94,0.00907122,450.87558,0.3852459
hsa-miR-181a-3p,121,0.012884694,699.47485,0.40685594
hsa-mir-181a-3p,15,0.001775843,12.780867,0.35311794
hsa-miR-181a-5p,661,0.058942236,28770.385,0.5233853
hsa-mir-181a-5p,270,0.02674789,5044.543,0.43941662
hsa-mir-181b,2,2.05E-04,0.30130762,0.33605033
hsa-miR-181b-5p,654,0.059395757,25587.871,0.52014166
hsa-mir-181b-5p,166,0.01732086,1540.6187,0.41358677
hsa-mir-181c,1,1.12E-04,0,0.30900723
hsa-miR-181c-5p,282,0.028760452,4145.2026,0.43615443
hsa-mir-181c-5p,146,0.01563005,986.17914,0.40531218
hsa-miR-181d-5p,498,0.046983622,13643.458,0.48304215
hsa-mir-181d-5p,123,0.012985631,706.5328,0.39622325
hsa-mir-182,1,8.23E-05,0,0.30361757
hsa-miR-182-5p,743,0.0657555,37237.93,0.54297596
hsa-mir-182-5p,366,0.033491284,12228.772,0.4612365
hsa-mir-183,2,2.04E-04,0.09299026,0.32530454
hsa-miR-183-3p,247,0.025606038,2887.467,0.4320647
hsa-mir-183-3p,39,0.004265379,51.083015,0.3599326
hsa-miR-183-5p,675,0.061793327,25181.502,0.5233853
hsa-mir-183-5p,142,0.015157109,972.65765,0.40869564
hsa-mir-185,4,4.66E-04,1.5117841,0.34023455
hsa-miR-185-3p,111,0.011618182,425.34204,0.38842976
hsa-mir-185-3p,85,0.008944982,426.5193,0.3967584
hsa-miR-185-5p,490,0.04778507,13274.451,0.48876873
hsa-mir-185-5p,150,0.015068304,1608.5989,0.41048035
hsa-mir-186,1,9.82E-05,0,0.31743887
hsa-miR-186-5p,359,0.036854614,5917.6064,0.45613354
hsa-mir-186-5p,202,0.020581342,2178.8591,0.4265747
hsa-miR-188-5p,81,0.008415928,380.3049,0.38336053
hsa-mir-188-5p,38,0.004107924,107.14544,0.37390614
hsa-mir-18a,3,2.77E-04,1.5972416,0.34341663
hsa-miR-18a-3p,152,0.015477292,1160.5349,0.40848252
hsa-mir-18a-3p,79,0.007557948,348.37506,0.38600525
hsa-miR-18a-5p,813,0.07010424,41153.28,0.5592575
hsa-mir-18a-5p,144,0.015156863,1112.1775,0.41490114
hsa-mir-18a*,1,1.12E-04,0,0.30900723
hsa-miR-18b-5p,650,0.059228547,23793.482,0.5202568
hsa-mir-18b-5p,80,0.00878332,311.00436,0.39323962
hsa-miR-190a-5p,62,0.006725562,162.72923,0.38625905
hsa-mir-190a-5p,39,0.004251215,63.721573,0.36701545
hsa-miR-191-3p,42,0.004454334,111.78162,0.37432304
hsa-mir-191-3p,22,0.002130483,36.1566,0.36724487
hsa-miR-191-5p,720,0.0639084,33974.977,0.5354295
hsa-mir-191-5p,312,0.027647115,8087.8315,0.44950268
hsa-mir-192,2,1.02E-04,0,0.3252145
hsa-miR-192-3p,63,0.006774887,146.77414,0.37212986
hsa-mir-192-3p,39,0.004337451,68.73062,0.36451063
hsa-miR-192-5p,230,0.022688694,3258.099,0.42828503
hsa-mir-192-5p,144,0.013931862,1464.7189,0.4074909
hsa-miR-193a-3p,382,0.036520243,7381.3203,0.45970267
hsa-mir-193a-3p,93,0.009223967,696.7116,0.40136635
hsa-miR-193a-5p,96,0.009587051,700.4221,0.40315664
hsa-mir-193a-5p,28,0.002625007,48.639244,0.36321485
hsa-mir-193b,2,2.05E-04,0.6242246,0.33744973
hsa-miR-193b-3p,487,0.045021094,13150.529,0.47920066
hsa-mir-193b-3p,182,0.017910697,1967.3522,0.41829833
hsa-miR-193b-5p,154,0.016063355,1202.5625,0.40784448
hsa-mir-193b-5p,43,0.00377987,137.22525,0.36321485
hsa-miR-194-3p,59,0.006126226,176.72234,0.3893307
hsa-mir-194-3p,33,0.003348444,69.49532,0.37283832
hsa-miR-194-5p,524,0.049234293,16080.155,0.48927754
hsa-mir-194-5p,129,0.011477866,1848.0343,0.40419677
hsa-mir-196a,6,2.81E-04,3.5550506,0.31903338
hsa-miR-196a-3p,37,0.003462343,80.67216,0.36996222
hsa-mir-196a-3p,29,0.002732434,39.184437,0.35423577
hsa-miR-196a-5p,847,0.07232445,48433.51,0.5695589
hsa-mir-196a-5p,175,0.017863877,1786.5201,0.42152467
hsa-miR-196b-5p,507,0.04746193,13512.8955,0.48634106
hsa-mir-196b-5p,129,0.013171146,968.70337,0.41170287
hsa-miR-197-3p,252,0.024590395,3111.754,0.4297732
hsa-mir-197-3p,116,0.01121301,761.51776,0.3927139
hsa-miR-199a-3p,219,0.022461934,2272.8984,0.4296161
hsa-mir-199a-3p,106,0.011090031,547.6538,0.3939648
hsa-miR-199a-5p,141,0.014468594,1062.4916,0.41637138
hsa-mir-199a-5p,77,0.007478482,466.96353,0.40143493
hsa-mir-19a,9,9.48E-04,9.413679,0.35954714
hsa-miR-19a-3p,824,0.07169013,39703.336,0.55992377
hsa-mir-19a-3p,220,0.022468943,2470.9482,0.42510855
hsa-miR-19a-5p,73,0.007711332,278.0434,0.3892662
hsa-mir-19a-5p,72,0.007914294,250.85677,0.3857518
hsa-mir-19b,4,3.26E-04,2.192605,0.34386888
hsa-miR-19b-1-5p,176,0.018154994,1412.9315,0.40940768
hsa-mir-19b-1-5p,95,0.010606854,436.04208,0.3950908
hsa-miR-19b-3p,811,0.070555046,39041.68,0.5583274
hsa-mir-19b-3p,211,0.021773074,2372.2554,0.4275059
hsa-mir-200a,3,2.79E-04,0.1996902,0.3219178
hsa-miR-200a-3p,232,0.024507418,2904.1453,0.43688416
hsa-mir-200a-3p,123,0.013019545,949.1584,0.40826964
hsa-mir-200b,4,3.88E-04,0.623428,0.33065993
hsa-miR-200b-3p,330,0.031760894,6759.029,0.4509691
hsa-mir-200b-3p,222,0.019945303,4703.547,0.42945907
hsa-mir-200c,3,2.70E-04,0.35882902,0.3222268
hsa-miR-200c-3p,333,0.032647144,6911.977,0.45105568
hsa-mir-200c-3p,204,0.018860616,3335.158,0.42403466
hsa-miR-202-5p,24,0.002068141,47.057526,0.35027575
hsa-mir-202-5p,24,0.00206814,47.057526,0.35027575
hsa-mir-203,1,4.44E-05,0,0.30587012
hsa-miR-203a-3p,436,0.041743774,13369.934,0.47725427
hsa-mir-203a-3p,274,0.024056965,8231.779,0.43941662
hsa-mir-204,9,7.12E-04,5.0847025,0.34523284
hsa-miR-204-5p,191,0.018944098,7032.4165,0.41882017
hsa-mir-204-5p,121,0.011989094,1178.541,0.40419677
hsa-mir-205,4,4.18E-04,1.6349868,0.34077725
hsa-miR-205-5p,392,0.036821518,9168.03,0.46015275
hsa-mir-205-5p,188,0.01679517,2675.5952,0.42380524
hsa-mir-20a,6,7.43E-04,6.253619,0.3618168
hsa-miR-20a-3p,150,0.015947819,1211.7458,0.40976462
hsa-mir-20a-3p,95,0.009808837,473.9143,0.3897181
hsa-miR-20a-5p,786,0.06912704,37916.7,0.5522914
hsa-mir-20a-5p,357,0.033160232,11461.33,0.45755452
hsa-mir-20b,2,2.51E-04,0,0.3443728
hsa-miR-20b-5p,834,0.07031231,48892.688,0.56409025
hsa-mir-20b-5p,196,0.02055224,1777.7229,0.4236524
hsa-mir-21,20,0.002183472,36.837734,0.37660256
hsa-mir-21-3p,253,0.021154162,6379.6826,0.43317974
hsa-miR-21-3p,246,0.021934152,5210.685,0.4323827
hsa-miR-21-5p,755,0.06675882,35459.188,0.54587686
hsa-mir-21-5p,215,0.021095326,3693.382,0.43422025
hsa-miR-210-3p,709,0.06149089,33861.195,0.53616244
hsa-mir-210-3p,299,0.025210112,8493.027,0.4425612
hsa-mir-215,3,2.13E-04,0.34393963,0.3181695
hsa-miR-215-5p,121,0.011912169,882.1024,0.39871055
hsa-mir-215-5p,106,0.010261688,745.1364,0.39689243
hsa-mir-216a-5p,58,0.005949471,157.215,0.37921575
hsa-miR-216a-5p,44,0.004455635,116.57604,0.37195316
hsa-mir-216b-5p,53,0.005359233,122.34952,0.37618056
hsa-miR-216b-5p,36,0.003480257,80.267685,0.37042874
hsa-mir-217,47,0.005013786,143.51138,0.38093695
hsa-miR-217-5p,23,0.002469486,20.251009,0.3532772
hsa-mir-218,4,4.99E-04,0.40881944,0.35552195
hsa-miR-218-5p,437,0.042318895,9669.533,0.46915552
hsa-mir-218-5p,210,0.020962477,2660.5537,0.42688465
hsa-miR-219a-1-3p,164,0.017733175,1197.2554,0.41286016
hsa-mir-219a-1-3p,32,0.003535362,51.66456,0.37854382
hsa-mir-22,3,3.00E-04,1.2864664,0.34341663
hsa-miR-22-3p,447,0.042869292,11550.255,0.4752275
hsa-mir-22-3p,233,0.022934912,5303.7373,0.4344611
hsa-miR-22-5p,195,0.019325193,2023.5762,0.41681448
hsa-mir-22-5p,139,0.013922756,1712.3438,0.40164074
hsa-mir-221,7,7.36E-04,3.9182906,0.35643864
hsa-miR-221-3p,625,0.05715555,21921.703,0.5117596
hsa-mir-221-3p,174,0.017076863,2124.3057,0.41431594
hsa-mir-222,7,6.51E-04,8.240827,0.35616854
hsa-miR-222-3p,445,0.0436046,9969.25,0.47245678
hsa-mir-222-3p,127,0.013080001,1095.1223,0.40260407
hsa-mir-224,2,1.37E-04,0.14108233,0.30357835
hsa-mir-224-5p,197,0.018971099,2556.9102,0.42175162
hsa-miR-224-5p,153,0.015052238,1280.1879,0.40364137
hsa-mir-23a,1,6.95E-05,0,0.30775276
hsa-miR-23a-3p,704,0.063660406,29371.234,0.5320353
hsa-mir-23a-3p,221,0.023409922,2574.63,0.42503166
hsa-miR-23a-5p,80,0.008280158,321.22986,0.39017102
hsa-mir-23a-5p,27,0.002396822,37.765724,0.35795888
hsa-mir-23b,3,3.25E-04,0.4776492,0.32913166
hsa-miR-23b-3p,636,0.057908364,23890.307,0.5154639
hsa-mir-23b-3p,435,0.040717274,11712.392,0.4731226
hsa-miR-23b-5p,84,0.008450337,431.01746,0.39542317
hsa-mir-23b-5p,71,0.006742396,266.05112,0.3826115
hsa-mir-24,8,6.84E-04,9.142633,0.35450295
hsa-miR-24-2-5p,85,0.009763153,283.04846,0.388109
hsa-mir-24-2-5p,35,0.003770951,62.751396,0.36856964
hsa-miR-24-3p,583,0.05329715,19875.975,0.50375134
hsa-mir-24-3p,245,0.023660816,3497.3604,0.43534642
hsa-mir-25,1,1.15E-04,0,0.30217308
hsa-miR-25-3p,691,0.06272146,28519.084,0.53143376
hsa-mir-25-3p,165,0.017048948,1648.0372,0.41829833
hsa-mir-26a,2,2.22E-04,0.09912347,0.3329555
hsa-miR-26a-1-3p,29,0.003447626,43.25839,0.37551934
hsa-mir-26a-1-3p,22,0.002601765,30.33762,0.3727792
hsa-miR-26a-2-3p,84,0.009195477,283.4718,0.38894406
hsa-mir-26a-2-3p,10,0.001211765,5.8113728,0.35536066
hsa-miR-26a-5p,838,0.07102622,50325.02,0.5651756
hsa-mir-26a-5p,335,0.030454367,11091.454,0.45244512
hsa-mir-26b,1,1.17E-04,0,0.3094141
hsa-miR-26b-3p,159,0.016704315,1048.242,0.41438898
hsa-mir-26b-3p,48,0.004953609,123.30252,0.37563938
hsa-miR-26b-5p,818,0.06925334,54092.426,0.55965704
hsa-mir-26b-5p,289,0.025642762,8886.721,0.44431838
hsa-mir-27a,5,5.47E-04,2.4076116,0.3582317
hsa-miR-27a-3p,838,0.070050366,59730.574,0.5673588
hsa-mir-27a-3p,521,0.042925447,32576.996,0.48937944
hsa-miR-27a-5p,386,0.035345305,13860.837,0.4638768
hsa-mir-27a-5p,222,0.017126296,6899.5327,0.4283631
hsa-mir-27b,4,2.62E-04,2.4998734,0.33653158
hsa-miR-27b-3p,669,0.060506016,26476.492,0.5257271
hsa-mir-27b-3p,287,0.028900687,4955.237,0.44247788
hsa-miR-27b-5p,141,0.014726395,718.9074,0.39952397
hsa-mir-27b-5p,54,0.00582887,160.32283,0.3878528
hsa-miR-28-3p,193,0.020424895,1772.6226,0.42487797
hsa-mir-28-3p,37,0.004113735,59.134476,0.38298565
hsa-miR-28-5p,471,0.04465515,12064.135,0.4826453
hsa-mir-28-5p,82,0.008482463,388.1269,0.38913727
hsa-mir-296-5p,53,0.005023169,203.17514,0.38862246
hsa-miR-296-5p,25,0.002830721,44.962757,0.38670397
hsa-mir-29a,9,9.72E-04,4.7447863,0.34861296
hsa-miR-29a-3p,628,0.0574978,22943.014,0.51762116
hsa-mir-29a-3p,215,0.021680405,3726.5796,0.43494356
hsa-miR-29a-5p,120,0.012906147,760.139,0.4
hsa-mir-29a-5p,86,0.008697408,435.47708,0.3830481
hsa-mir-29b,8,9.77E-04,2.8286207,0.36422816
hsa-miR-29b-1-5p,79,0.008652474,339.7514,0.39864293
hsa-mir-29b-1-5p,39,0.004031749,79.28161,0.37521955
hsa-miR-29b-3p,672,0.060486056,27368.822,0.5253745
hsa-mir-29b-3p,177,0.018334812,2058.1838,0.42985183
hsa-mir-29c,6,6.05E-04,1.3499795,0.33390167
hsa-miR-29c-3p,632,0.05777213,23201.102,0.51750714
hsa-mir-29c-3p,218,0.019989356,4206.993,0.43365934
hsa-miR-29c-5p,65,0.006855855,199.5735,0.3796446
hsa-mir-29c-5p,14,0.001485617,10.047781,0.3463012
hsa-miR-301a-3p,472,0.045683086,11197.469,0.48224914
hsa-mir-301a-3p,147,0.015353542,1042.6982,0.41651896
hsa-miR-301b-3p,429,0.04288321,8690.437,0.47465158
hsa-mir-301b-3p,121,0.01280101,718.7519,0.41257024
hsa-mir-302a,1,1.66E-04,0,0.336821
hsa-miR-302a-3p,317,0.031820748,5450.963,0.45244512
hsa-mir-302a-3p,104,0.01010205,1357.8291,0.39844015
hsa-mir-302b,3,3.02E-04,1.5150394,0.33629078
hsa-miR-302b-3p,246,0.025051814,3009.5615,0.43016657
hsa-mir-302b-3p,66,0.007004903,269.08978,0.39101496
hsa-mir-302c,2,2.75E-04,0,0.34747893
hsa-miR-302c-3p,244,0.02460523,3477.365,0.43286055
hsa-mir-302c-3p,80,0.008501571,447.66763,0.39245158
hsa-mir-302d,6,6.74E-04,3.4236042,0.34706837
hsa-miR-302d-3p,171,0.017440636,1665.6592,0.41438898
hsa-mir-302d-3p,64,0.00681936,249.06456,0.38875103
hsa-mir-30a,3,2.40E-04,0.30630857,0.31023103
hsa-miR-30a-3p,347,0.03394226,6895.4355,0.4515757
hsa-mir-30a-3p,124,0.013203826,791.57294,0.40777373
hsa-miR-30a-5p,641,0.058881834,27182.744,0.5196816
hsa-mir-30a-5p,285,0.028319243,4848.6772,0.44106606
hsa-mir-30a*,3,3.19E-04,1.8284948,0.3349487
hsa-miR-30b-3p,401,0.03821186,8607.214,0.4663624
hsa-mir-30b-3p,97,0.009035368,670.2167,0.39225504
hsa-miR-30b-5p,314,0.032062355,4418.9937,0.44676808
hsa-mir-30b-5p,201,0.020426176,1935.0638,0.4165928
hsa-mir-30c,1,8.96E-05,0,0.29705474
hsa-miR-30c-1-3p,425,0.041176416,9108.314,0.46943668
hsa-mir-30c-1-3p,88,0.008101607,540.5958,0.38978273
hsa-miR-30c-2-3p,365,0.03528303,7184.8374,0.45925346
hsa-mir-30c-2-3p,98,0.009197515,656.63055,0.39017102
hsa-miR-30c-5p,348,0.03524028,5810.8022,0.45648795
hsa-mir-30c-5p,231,0.023290249,3043.123,0.42828503
hsa-miR-30d-3p,358,0.035558563,6157.7607,0.45235804
hsa-mir-30d-3p,79,0.008670023,278.543,0.3852459
hsa-miR-30d-5p,534,0.051030263,14831.882,0.4958852
hsa-mir-30d-5p,227,0.022240404,2890.8328,0.42634252
hsa-mir-30e,1,8.96E-05,0,0.29705474
hsa-miR-30e-3p,482,0.0465189,13043.6,0.48096603
hsa-mir-30e-3p,137,0.014619006,1476.6313,0.41155866
hsa-miR-30e-5p,420,0.04133178,8947.446,0.47056466
hsa-mir-30e-5p,195,0.020442698,1850.527,0.4220546
hsa-miR-31-3p,71,0.007812334,195.65987,0.38625905
hsa-mir-31-3p,33,0.003592968,42.28591,0.37432304
hsa-miR-31-5p,522,0.04911941,15981.869,0.49400884
hsa-mir-31-5p,111,0.010170829,887.61365,0.40384945
hsa-miR-32-5p,456,0.044134174,10831.203,0.47532362
hsa-mir-32-5p,134,0.014007154,842.5506,0.3983051
hsa-mir-320a,208,0.021577932,3091.7373,0.43095544
hsa-miR-320a-3p,627,0.058252268,20487.395,0.51388586
hsa-miR-324-3p,252,0.02548654,3094.8716,0.43599257
hsa-mir-324-3p,78,0.00795527,333.65842,0.39147094
hsa-miR-324-5p,198,0.019853208,1719.946,0.42054403
hsa-mir-324-5p,73,0.007435699,285.4598,0.3973622
hsa-miR-326,80,0.008551137,390.2835,0.39790043
hsa-mir-326,69,0.006747714,418.30936,0.39529017
hsa-miR-328-3p,85,0.008546416,330.19244,0.38894406
hsa-mir-328-3p,57,0.005858536,195.99924,0.37606016
hsa-miR-330-3p,134,0.014226824,975.0771,0.41112667
hsa-mir-330-3p,116,0.011948413,1733.3936,0.40664476
hsa-miR-330-5p,288,0.027891666,4548.836,0.44440243
hsa-mir-330-5p,75,0.007506758,393.6924,0.39317384
hsa-miR-331-3p,122,0.012117107,830.5497,0.40308747
hsa-mir-331-3p,100,0.010260895,597.52026,0.39898133
hsa-miR-331-5p,209,0.021819249,1969.9899,0.42175162
hsa-mir-331-5p,39,0.004106009,118.661736,0.38323548
hsa-mir-335,1,1.34E-04,0,0.31438127
hsa-miR-335-3p,395,0.039094005,7917.788,0.46626985
hsa-mir-335-3p,91,0.009747172,388.67856,0.38913727
hsa-miR-335-5p,454,0.038381323,34604.848,0.47407708
hsa-mir-335-5p,258,0.01921406,15614.116,0.43422025
hsa-miR-338-3p,204,0.020591818,2896.9778,0.4219788
hsa-mir-338-3p,105,0.010920811,697.0115,0.3974294
hsa-mir-338-5p,55,0.005539302,185.9354,0.38032043
hsa-miR-338-5p,39,0.004135476,64.27259,0.3659296
hsa-miR-339-3p,86,0.00910164,392.77048,0.400682
hsa-mir-339-3p,21,0.002142995,188.49905,0.3718943
hsa-miR-339-5p,139,0.01464843,895.6141,0.4079861
hsa-mir-339-5p,63,0.006221096,509.07965,0.3773888
hsa-miR-33a-5p,576,0.05430911,16702.168,0.5007458
hsa-mir-33a-5p,114,0.01256879,532.6654,0.39952397
hsa-miR-33b-3p,97,0.010419622,443.9065,0.397295
hsa-mir-33b-3p,20,0.002216813,14.221618,0.35460994
hsa-miR-33b-5p,524,0.049778346,14235.375,0.48734966
hsa-mir-33b-5p,68,0.007885696,177.30229,0.38868675
hsa-miR-340-3p,180,0.018253963,1720.2963,0.41191936
hsa-mir-340-3p,33,0.003397535,67.15751,0.36615768
hsa-miR-340-5p,455,0.041377816,13026.368,0.46906188
hsa-mir-340-5p,137,0.01460444,982.85516,0.4010239
hsa-miR-342-3p,210,0.02182146,2653.6619,0.42580178
hsa-mir-342-3p,102,0.010713102,786.3474,0.39662448
hsa-miR-345-5p,158,0.017136876,959.5702,0.41105476
hsa-mir-345-5p,30,0.003326865,61.630928,0.37083793
hsa-mir-34a,17,0.00199381,40.128513,0.37690458
hsa-miR-34a-5p,1078,0.08219521,120089.805,0.63070315
hsa-mir-34a-5p,565,0.046710845,31083.242,0.5014938
hsa-miR-34c-5p,233,0.02390243,3664.8892,0.43071848
hsa-mir-34c-5p,123,0.010868512,2060.9353,0.4028111
hsa-miR-361-3p,113,0.011645826,594.5033,0.39192796
hsa-mir-361-3p,69,0.006829935,254.55081,0.38952428
hsa-miR-361-5p,338,0.034194857,5369.626,0.45148894
hsa-mir-361-5p,109,0.011575175,570.6405,0.38913727
hsa-mir-362-3p,106,0.010236131,1109.1562,0.40164074
hsa-miR-362-3p,81,0.007154561,747.6013,0.39462638
hsa-miR-362-5p,84,0.008547786,826.49817,0.38254926
hsa-mir-362-5p,35,0.003867324,49.4533,0.37201202
hsa-miR-365a-3p,223,0.022440434,2835.289,0.42773935
hsa-mir-365a-3p,83,0.00891408,371.71982,0.3870224
hsa-miR-374a-3p,126,0.013142795,723.92535,0.405592
hsa-mir-374a-3p,30,0.003279726,42.764545,0.36713013
hsa-miR-374a-5p,446,0.04156863,11682.313,0.47493938
hsa-mir-374a-5p,373,0.03239762,11516.122,0.4558681
hsa-miR-374b-3p,102,0.010750973,451.375,0.39449388
hsa-mir-374b-3p,48,0.005244343,97.05837,0.36961308
hsa-miR-374b-5p,373,0.03676527,6844.4263,0.4587156
hsa-mir-374b-5p,128,0.013353961,865.3461,0.40482342
hsa-mir-375,157,0.014665462,2493.406,0.42281395
hsa-miR-375-3p,337,0.032198828,6303.5327,0.44770432
hsa-mir-378,1,1.42E-04,0,0.33253148
hsa-miR-378a-3p,434,0.040629182,15673.251,0.4742684
hsa-mir-378a-3p,143,0.015469757,1110.4321,0.41271514
hsa-miR-378a-5p,110,0.011287951,488.142,0.39422914
hsa-mir-378a-5p,56,0.005377626,163.83463,0.383173
hsa-miR-421,165,0.017599165,1055.2228,0.40933636
hsa-mir-421,84,0.008999055,290.4884,0.38223812
hsa-mir-422a,45,0.004920077,102.585594,0.3717178
hsa-miR-422a,27,0.002802185,45.981415,0.3636645
hsa-miR-423-3p,434,0.040351667,12244.471,0.47407708
hsa-mir-423-3p,68,0.006541493,382.10535,0.38997677
hsa-miR-423-5p,859,0.071943834,51563.945,0.5695589
hsa-mir-423-5p,149,0.014716206,1215.1976,0.41286016
hsa-mir-424,5,4.82E-04,954.5766,0.34778747
hsa-miR-424-3p,42,0.004677993,74.81269,0.37498006
hsa-mir-424-3p,40,0.004342508,76.94061,0.36259836
hsa-miR-424-5p,819,0.07082763,42703.7,0.561127
hsa-mir-424-5p,262,0.02662304,3719.2078,0.4379426
hsa-mir-424*,1,5.06E-05,0,0.29943934
hsa-miR-425-3p,125,0.012749207,1416.0898,0.40191552
hsa-mir-425-3p,10,9.04E-04,6.3949203,0.34467587
hsa-miR-425-5p,189,0.019526875,1703.3499,0.41986778
hsa-mir-425-5p,108,0.011667353,462.76196,0.38411245
hsa-miR-429,247,0.02433244,4771.1626,0.43745345
hsa-mir-429,189,0.016477196,4106.7812,0.4289887
hsa-miR-449a,343,0.033820525,6053.318,0.45560294
hsa-mir-449a,152,0.01376844,1947.6195,0.40997908
hsa-miR-450a-5p,316,0.026826676,9809.767,0.4496747
hsa-mir-450a-5p,24,0.002431205,34.43156,0.3627103
hsa-miR-450b-5p,236,0.02435465,2568.2583,0.428051
hsa-mir-450b-5p,88,0.009387972,417.05878,0.38868675
hsa-miR-452-5p,232,0.024186566,2500.9844,0.422358
hsa-mir-452-5p,91,0.008688165,482.74677,0.3870224
hsa-miR-454-3p,586,0.054769296,18123.064,0.50712126
hsa-mir-454-3p,115,0.012699612,619.42706,0.4100506
hsa-miR-454-5p,78,0.008185578,529.59467,0.38766083
hsa-mir-454-5p,15,0.001552378,16.640127,0.35301188
hsa-miR-455-5p,202,0.020535167,1863.5991,0.4206193
hsa-mir-455-5p,39,0.004144525,63.574753,0.36198398
hsa-miR-484,416,0.039723422,9171.527,0.47018808
hsa-mir-484,178,0.017359098,1537.8893,0.40531218
hsa-miR-486-3p,324,0.030743357,5526.611,0.4512289
hsa-mir-486-3p,46,0.004155532,136.44868,0.376
hsa-miR-486-5p,232,0.023467887,2464.136,0.42403466
hsa-mir-486-5p,42,0.004460029,87.51048,0.37083793
hsa-mir-494,1,1.41E-04,0,0.32391453
hsa-miR-494-3p,170,0.015972193,1784.104,0.42099607
hsa-mir-494-3p,150,0.014107209,1381.2372,0.4138781
hsa-miR-497-5p,281,0.028346237,3818.8374,0.4319059
hsa-mir-497-5p,214,0.021705586,2601.921,0.42395815
hsa-mir-498,37,0.003518095,100.624054,0.37066245
hsa-miR-498-5p,3,3.04E-04,0.17759354,0.33319154
hsa-miR-500a-3p,339,0.033404786,6109.841,0.45428184
hsa-mir-500a-3p,47,0.005107076,137.46997,0.37848285
hsa-miR-500a-5p,58,0.006748729,129.63411,0.37248376
hsa-mir-500a-5p,38,0.004236346,70.22932,0.37402514
hsa-miR-501-3p,84,0.009365218,363.4734,0.39205873
hsa-mir-501-3p,52,0.005401018,175.60158,0.38423806
hsa-miR-501-5p,116,0.012533173,538.59204,0.38894406
hsa-mir-501-5p,52,0.005491082,108.51163,0.3728975
hsa-miR-502-3p,67,0.0074039,201.13518,0.37952197
hsa-mir-502-3p,51,0.005650843,135.54414,0.38442662
hsa-mir-503,3,3.46E-04,1.7413834,0.3413713
hsa-miR-503-5p,444,0.04203549,10146.235,0.47245678
hsa-mir-503-5p,144,0.014442349,1150.5007,0.40933636
hsa-miR-505-3p,148,0.0154965,886.33246,0.3982376
hsa-mir-505-3p,56,0.006084961,106.5026,0.37002048
hsa-mir-532-3p,74,0.007176622,461.22324,0.38019738
hsa-miR-532-3p,54,0.005361339,182.44157,0.37781352
hsa-miR-532-5p,236,0.024243396,2828.2122,0.428207
hsa-mir-532-5p,46,0.0045001,148.3394,0.3864496
hsa-miR-542-3p,189,0.019255534,1577.5704,0.41220838
hsa-mir-542-3p,84,0.008768767,412.01718,0.38894406
hsa-miR-542-5p,110,0.011256786,601.0261,0.39965987
hsa-mir-542-5p,20,0.0021332,16.437874,0.35921738
hsa-mir-545-3p,78,0.008462457,429.2151,0.39121026
hsa-miR-545-3p,55,0.005952959,112.5225,0.3717766
hsa-mir-545-5p,51,0.005633563,97.6781,0.36456716
hsa-miR-545-5p,40,0.00459851,65.28168,0.36411527
hsa-mir-548c-5p,80,0.008998534,238.25089,0.38442662
hsa-miR-548c-5p,51,0.005575698,105.80427,0.3796446
hsa-mir-548d-3p,98,0.010414716,502.0427,0.39277953
hsa-miR-548d-3p,38,0.003877899,90.811874,0.37142405
hsa-mir-548d-5p,76,0.008410038,221.32208,0.3852459
hsa-miR-548d-5p,75,0.00806975,211.38951,0.37811747
hsa-miR-550a-3p,61,0.0066878,183.28606,0.37666294
hsa-mir-550a-3p,52,0.005567727,137.4035,0.36932266
hsa-miR-550a-5p,79,0.009140364,259.94028,0.39140573
hsa-mir-550a-5p,43,0.004738978,76.14533,0.36776212
hsa-miR-559,25,0.002519428,29.775333,0.35600665
hsa-mir-559,25,0.002519428,29.775333,0.35600665
hsa-miR-570-3p,44,0.004694129,114.28001,0.3827985
hsa-mir-570-3p,31,0.003430658,50.254303,0.36816543
hsa-miR-574-3p,118,0.011793854,682.7173,0.39776576
hsa-mir-574-3p,24,0.002310497,26.280228,0.36231884
hsa-miR-574-5p,380,0.034238964,10546.25,0.46132705
hsa-mir-574-5p,86,0.008991014,356.57782,0.38606867
hsa-miR-576-3p,248,0.025752535,2937.8604,0.4351046
hsa-mir-576-3p,58,0.006530248,152.79427,0.3870224
hsa-miR-576-5p,142,0.015045818,1087.3013,0.41048035
hsa-mir-576-5p,44,0.004767991,135.5294,0.37498006
hsa-mir-579-3p,80,0.008553803,313.93787,0.38398692
hsa-miR-579-3p,58,0.006182999,146.29951,0.37160024
hsa-miR-580-3p,23,0.002409004,26.291227,0.3688589
hsa-mir-580-3p,23,0.002629421,16.420713,0.3629904
hsa-miR-582-3p,114,0.012460622,657.28937,0.39304233
hsa-mir-582-3p,47,0.005044958,202.36247,0.3762408
hsa-miR-582-5p,233,0.024146337,2992.4592,0.4254934
hsa-mir-582-5p,89,0.009287804,499.10938,0.38952428
hsa-miR-584-5p,214,0.022624727,1797.2866,0.4220546
hsa-mir-584-5p,24,0.00265713,17.005617,0.34965035
hsa-miR-589-3p,97,0.010576833,468.98593,0.39986387
hsa-mir-589-3p,65,0.006906793,219.60538,0.38267383
hsa-miR-589-5p,209,0.02198916,2194.9849,0.42634252
hsa-mir-589-5p,45,0.004614065,102.93833,0.37775278
hsa-mir-590-3p,156,0.016374737,1667.364,0.41490114
hsa-miR-590-3p,129,0.013829224,1020.9979,0.40643376
hsa-miR-590-5p,122,0.01298278,650.22107,0.3993203
hsa-mir-590-5p,50,0.005243927,129.56293,0.3796446
hsa-miR-597-5p,110,0.011866244,547.0399,0.4015721
hsa-mir-597-5p,27,0.002905174,21.949158,0.36031893
hsa-mir-603,93,0.007846868,1061.2389,0.39416304
hsa-miR-603,65,0.005526163,558.4151,0.38804492
hsa-miR-615-3p,139,0.013854277,810.9453,0.4001362
hsa-mir-615-3p,113,0.011069729,552.6627,0.39602292
hsa-mir-615-5p,45,0.004410324,135.86914,0.37551934
hsa-miR-615-5p,25,0.002408196,40.773865,0.3670728
hsa-miR-624-5p,81,0.00866148,285.91833,0.38695866
hsa-mir-624-5p,18,0.001835477,25.306767,0.35514584
hsa-mir-625,1,8.32E-05,0,0.2968671
hsa-miR-625-3p,66,0.007103317,167.89604,0.3771465
hsa-mir-625-3p,22,0.002375923,28.839188,0.36519036
hsa-miR-625-5p,406,0.039668307,8336.601,0.46599245
hsa-mir-625-5p,91,0.009522652,537.76294,0.40301836
hsa-miR-627-5p,65,0.006789614,197.62549,0.38894406
hsa-mir-627-5p,42,0.004511344,75.55254,0.36856964
hsa-miR-628-5p,93,0.010000199,389.10117,0.39114514
hsa-mir-628-5p,64,0.006772071,210.97487,0.37066245
hsa-miR-629-5p,192,0.019914605,1687.4595,0.42152467
hsa-mir-629-5p,41,0.004036011,106.1465,0.37083793
hsa-miR-641,137,0.01432498,989.30817,0.4027421
hsa-mir-641,58,0.006173125,213.68002,0.3771465
hsa-miR-651-5p,69,0.006986248,189.24637,0.3773282
hsa-mir-651-5p,47,0.005650954,92.61389,0.38180342
hsa-miR-652-3p,320,0.030878616,5217.3096,0.44499147
hsa-mir-652-3p,40,0.0044338,58.204468,0.36109403
hsa-miR-660-5p,172,0.017866308,1625.5502,0.41482788
hsa-mir-660-5p,34,0.003952561,52.24301,0.37618056
hsa-miR-671-3p,123,0.013235949,1354.3911,0.40496296
hsa-mir-671-3p,13,0.001482416,5.726492,0.35741445
hsa-miR-671-5p,358,0.034995638,8260.317,0.45808968
hsa-mir-671-5p,144,0.0133988,2938.855,0.40405777
hsa-mir-7,3,3.05E-04,0.4540201,0.32770884
hsa-mir-7-1-3p,76,0.008750018,261.19888,0.390625
hsa-miR-7-1-3p,65,0.007158525,154.76106,0.3717178
hsa-miR-7-5p,719,0.06356964,30641.014,0.5359179
hsa-mir-7-5p,367,0.03368991,9739.018,0.45925346
hsa-miR-744-5p,330,0.030903164,5819.8306,0.4496747
hsa-mir-744-5p,83,0.007686878,409.45023,0.3900415
hsa-miR-760,91,0.009457278,439.23685,0.40054542
hsa-mir-760,64,0.005935291,221.73279,0.37486044
hsa-mir-766-3p,152,0.014618445,1257.8228,0.40763226
hsa-miR-766-3p,99,0.009597505,596.6514,0.39225504
hsa-miR-767-5p,137,0.014437404,920.1665,0.40940768
hsa-mir-767-5p,26,0.002650157,39.16789,0.36558804
hsa-mir-769-3p,62,0.006703708,161.50684,0.3737872
hsa-miR-769-3p,58,0.005938879,125.81334,0.37498006
hsa-miR-769-5p,234,0.023461072,2639.5264,0.42930216
hsa-mir-769-5p,60,0.006396802,151.60446,0.38404968
hsa-miR-873-5p,133,0.013904915,930.82983,0.400682
hsa-mir-873-5p,96,0.01013864,437.12396,0.39101496
hsa-miR-874-3p,56,0.005605266,194.07446,0.37915456
hsa-mir-874-3p,51,0.005258199,170.87585,0.3881731
hsa-miR-876-5p,133,0.013465404,726.5188,0.3993203
hsa-mir-876-5p,51,0.005330436,126.55142,0.3715415
hsa-miR-877-5p,470,0.044760883,12791.6,0.48205128
hsa-mir-877-5p,71,0.007647282,243.40157,0.38670397
hsa-mir-9,4,4.30E-04,2.1150653,0.35285285
hsa-miR-9-3p,160,0.01625235,1253.8025,0.41344124
hsa-mir-9-3p,104,0.01126769,611.999,0.400682
hsa-miR-9-5p,491,0.046874758,13332.525,0.4860393
hsa-mir-9-5p,204,0.020520292,2657.054,0.4265747
hsa-miR-92a-1-5p,129,0.013868863,884.2671,0.41105476
hsa-mir-92a-1-5p,71,0.007116055,324.8863,0.3903006
hsa-miR-92a-3p,780,0.068594,36087.562,0.5509965
hsa-mir-92a-3p,251,0.025198642,3535.981,0.43615443
hsa-miR-92b-3p,694,0.06278409,30858.764,0.5303543
hsa-mir-92b-3p,133,0.013538783,1574.3658,0.4003407
hsa-mir-93,3,4.09E-04,1.7952756,0.3566009
hsa-miR-93-3p,298,0.030514421,4004.7222,0.4460896
hsa-mir-93-3p,112,0.011710963,586.8012,0.39904907
hsa-miR-93-5p,768,0.06846255,32935.785,0.54587686
hsa-mir-93-5p,297,0.030032884,4339.338,0.44499147
hsa-miR-940,183,0.017829485,2152.8408,0.41941816
hsa-mir-940,132,0.012465687,1402.7305,0.40869564
hsa-mir-941,135,0.010550486,1966.6178,0.4000681
hsa-miR-941,130,0.011133425,1480.9463,0.39952397
hsa-miR-942-5p,233,0.023354867,3331.502,0.43222365
hsa-mir-942-5p,120,0.011813182,960.0717,0.38965344
hsa-miR-95-3p,104,0.011406777,448.29663,0.39317384
hsa-mir-95-3p,18,0.002173027,21.55011,0.3643976
hsa-mir-96,1,9.82E-05,0,0.31743887
hsa-miR-96-5p,487,0.047250047,12075.298,0.4836386
hsa-mir-96-5p,149,0.015652739,1371.7063,0.4183728
hsa-mir-98,1,1.33E-04,0,0.3153939
hsa-miR-98-5p,809,0.070048526,40838.41,0.5591244
hsa-mir-98-5p,253,0.025152676,3825.436,0.4376979
hsa-miR-99a-3p,43,0.004370674,74.48989,0.3683963
hsa-mir-99a-3p,22,0.002548471,24.97209,0.35949212
hsa-miR-99a-5p,116,0.012261665,943.9426,0.3919933
hsa-mir-99a-5p,63,0.005997633,621.68176,0.38651314
hsa-miR-99b-3p,156,0.015780814,1228.205,0.4129327
hsa-mir-99b-3p,29,0.002964929,48.239674,0.3575776
hsa-miR-99b-5p,125,0.013080962,715.6857,0.39986387
hsa-mir-99b-5p,74,0.006689721,417.07086,0.38766083
HSDL2,88,0.014814518,708.36884,0.41220838
HSF1,12,0.001141802,29.617973,0.37113076
HSF2,4,4.01E-04,4.1397862,0.3463012
HSF4,2,2.13E-04,0.28089267,0.3370142
HSP90AA1,297,0.035837255,12824.91,0.45235804
HSP90B1,235,0.03230067,3997.3225,0.43745345
HSPA2,100,0.017430408,561.3961,0.41409692
HSPA5,216,0.026785187,9640.275,0.4526194
HSPB1,66,0.011168127,277.51816,0.42867565
HSPB2,8,9.84E-04,4.786688,0.3800744
HSPD1,168,0.025553646,1770.2338,0.42993048
HSPH1,209,0.030396018,2847.3477,0.44247788
HTATIP2,3,2.31E-04,3.5996034,0.33715925
HUWE1,364,0.04132163,9725.299,0.45961276
HYAL1,26,0.004482342,24.846882,0.43414003
ICMT,170,0.02562007,1618.1324,0.42626518
ID1,109,0.017365985,4171.3286,0.43737206
ID2,2,8.68E-05,0.53339875,0.32454082
ID3,2,2.37E-04,0.79840094,0.33856794
ID4,1,4.16E-05,0,0.3110523
IDO1,19,0.002537086,391.21268,0.3971607
IER5,156,0.02281208,1681.618,0.42388168
IFI16,70,0.013615513,221.63094,0.43933445
IFI6,64,0.011562914,199.22629,0.40883785
IFITM1,69,0.011215696,226.24028,0.4106238
IFNA1,12,5.32E-04,1492.3369,0.36103857
IFNB1,37,0.005415944,9253.881,0.43892416
IFNG,50,0.004946797,11165.349,0.44915903
IGF1,119,0.018323291,4583.0356,0.43876028
IGF1R,343,0.039311938,12965.663,0.4741727
IGF2,127,0.016600868,22203.83,0.4495887
IGF2BP1,184,0.02235326,3540.8235,0.44507575
IGF2BP3,133,0.02152969,1099.387,0.41994283
IGFBP2,73,0.013468224,249.69162,0.41112667
IGFBP3,158,0.023106517,6601.5435,0.45693174
IGFBP5,169,0.02370637,3764.6255,0.42595613
IGFBP6,28,0.005897663,22.175543,0.4011608
IGFBP7,92,0.015830165,542.93774,0.41322315
IKBKB,105,0.017712688,2220.5383,0.4409833
IL10,65,0.008321953,4336.8013,0.44864452
IL17A,12,0.001191177,4805.7764,0.41504768
IL18,35,0.005381201,248.58467,0.41979277
IL1A,84,0.014485497,410.25525,0.43999252
IL1RN,22,0.003243933,86.95851,0.42418772
IL2,34,0.002767092,2511.2764,0.44114888
IL2RA,16,0.00139434,773.7662,0.42487797
IL32,33,0.005391278,62.900806,0.41971782
IL6,137,0.018923216,19657.2,0.46562314
IL8,11,0.002051048,5.3517237,0.39245158
ILF2,153,0.023826422,1296.716,0.4252624
ILF3,4,2.43E-04,4.935258,0.3309393
IMP3,73,0.013590062,282.38846,0.40940768
IMPA2,32,0.005101309,53.16712,0.40364137
ING1,6,6.92E-04,3.9183235,0.36020845
ING2,2,1.32E-04,1.5279795,0.32917777
ING4,12,0.001151441,41.658478,0.37124804
INHBE,34,0.006190514,47.441456,0.405522
INO80,145,0.02348882,1128.1001,0.43655953
INPP1,44,0.009064738,69.98063,0.40531218
INPP5A,98,0.017766047,730.7295,0.41409692
INPP5E,65,0.010587876,283.49658,0.40805694
IPO5,240,0.033664145,3515.401,0.43745345
IRAG1,30,0.006623668,30.514654,0.40239727
IRAK1,150,0.023026632,1481.561,0.42296615
IRF1,25,0.001528906,321.46262,0.37793502
IRF2,2,9.04E-05,1.1626931,0.31804034
IRF3,4,1.11E-04,12.354342,0.3140032
IRF4,1,9.12E-05,0,0.31951055
IRF5,2,3.80E-05,2.2262578,0.3139193
IRF6,67,0.01198421,197.45699,0.40912256
IRF7,3,5.36E-05,2.5770996,0.31084657
IRF8,3,1.74E-04,1.2181164,0.32033807
IRF9,4,4.51E-04,4.086863,0.3515333
ISG15,38,0.006048909,66.063065,0.40419677
ITGA1,89,0.017114893,405.15646,0.4138781
ITGA4,58,0.012629614,88.514114,0.40777373
ITGA6,179,0.02852678,1904.8107,0.43079743
ITGAV,207,0.02956698,4401.718,0.45045045
ITGB1,183,0.024659585,10212.4375,0.4319059
ITGB2,63,0.012324696,501.62524,0.4404048
ITGB8,222,0.031293787,3932.9683,0.44448647
ITIH5,56,0.012283927,141.72258,0.40678552
ITM2C,122,0.021395065,932.19885,0.41859636
IVL,22,0.002322935,374.7024,0.4347022
JAG1,180,0.026351856,9853.341,0.43745345
JAK1,193,0.029441053,2956.4607,0.43024534
JAM2,53,0.010893973,117.3734,0.407279
JUN,294,0.032707594,52014.125,0.50723076
JUNB,159,0.024192458,3761.801,0.47
JUND,108,0.015667953,4018.819,0.4678479
KAT2B,140,0.021999205,1836.3202,0.45943305
KAT5,3,2.55E-04,0.937097,0.34326613
KCNA1,65,0.013335079,124.67303,0.40933636
KCNC4,78,0.012431871,478.32184,0.41069555
KCNH1,61,0.011771414,287.5557,0.40933636
KCNN4,70,0.013343105,653.2525,0.40955037
KDM1A,134,0.02255898,1097.8817,0.42114696
KDM2A,267,0.03501896,5558.503,0.45148894
KDM3A,141,0.023817088,975.9821,0.42160028
KDM4A,141,0.02360858,973.663,0.42182732
KDM4B,5,5.67E-04,3.1048896,0.357632
KDM4C,1,1.03E-04,0,0.3043647
KDM5A,195,0.028617857,2843.597,0.43111357
KDM5B,242,0.033422787,3541.6868,0.4385965
KHDRBS1,103,0.014803341,1022.77045,0.42993048
KIAA1324,35,0.005535345,104.08569,0.40260407
KIF20A,157,0.025326345,1445.054,0.42411116
KIF23,171,0.025209429,2008.8926,0.42665213
KIF2A,182,0.027690608,1721.6321,0.4284412
KIF2C,155,0.023511393,1652.0029,0.44592032
KIT,89,0.013973202,1591.3394,0.43494356
KITLG,154,0.026210835,1105.5258,0.42395815
KL,38,0.008003682,64.136154,0.41718444
KLF1,5,2.92E-04,27.064987,0.3511131
KLF10,5,5.74E-04,4.2276225,0.3500149
KLF14,1,1.25E-04,0,0.3148024
KLF16,1,1.52E-04,0,0.33890972
KLF2,8,5.57E-04,26.666391,0.3575232
KLF3,221,0.031117437,2861.8164,0.43494356
KLF4,172,0.025280412,9678.009,0.47677013
KLF5,156,0.024871968,6848.275,0.46451867
KLF6,240,0.03348892,6101.8364,0.47619048
KLF8,5,4.49E-04,2.4140425,0.33910534
KLF9,2,1.39E-04,0.18978204,0.31752467
KLK10,42,0.007679977,2048.097,0.41409692
KLK2,30,0.005275216,78.3029,0.41083917
KLK5,4,4.06E-04,0.85483664,0.35216543
KLK7,8,0.001137735,4.0183215,0.38329798
KLK8,5,7.56E-04,0.7637708,0.37569943
KMT2A,350,0.040500656,11504.205,0.46360227
KNG1,18,0.004188922,8.024571,0.3958895
KPNA2,196,0.0257461,2765.6106,0.43008783
KPNB1,297,0.037355382,6459.637,0.45516172
KRAS,205,0.028638944,15450.414,0.44710806
KRT10,63,0.011939183,648.8767,0.4086246
KRT13,14,0.002994724,69.70953,0.39548972
KRT15,16,0.002436312,22.620281,0.41170287
KRT18,108,0.018833213,3516.68,0.4355885
KRT4,10,0.001835876,94.91963,0.39409694
KRT5,33,0.006317989,636.66296,0.42781723
KRT6B,12,0.002446501,3.8600867,0.39370078
KRT7,96,0.01657863,2898.4639,0.41409692
KRT8,100,0.016049748,505.58484,0.4152677
L3MBTL1,2,2.52E-04,0.93979377,0.3463012
LAG3,11,0.002017557,6.6659884,0.3956229
LAMA1,63,0.012230206,206.58337,0.43607348
LAMA5,142,0.023791524,805.8934,0.42258587
LAMB3,124,0.022392416,1077.3276,0.41867095
LAMC1,237,0.03321552,4340.5527,0.4376979
LAMP3,56,0.00990205,140.59146,0.40770298
LATS1,247,0.0322655,4592.792,0.43876028
LCOR,2,2.74E-04,1.8239439,0.34594434
LDB1,2,1.45E-04,0.24874085,0.31903338
LDHA,203,0.028266069,3938.1665,0.46287176
LEF1,12,0.001195086,31.150194,0.3711894
LETM1,134,0.02298597,761.89484,0.42099607
LETMD1,105,0.017787963,625.8516,0.41548797
LGALS3,68,0.012961776,5274.7017,0.42735043
LGALS9,16,0.002044196,52.766262,0.39803523
LGMN,81,0.015707683,268.3484,0.41184717
LGR5,63,0.011527657,4935.01,0.40898016
LGR6,15,0.002920917,12.144697,0.39662448
LHPP,31,0.006049546,54.944218,0.40461433
LHX2,65,0.013578807,137.77222,0.40997908
LHX6,42,0.00878266,688.57837,0.405522
LIMD1,1,1.54E-04,0,0.33352256
LIMK1,140,0.022522414,1057.9751,0.42152467
LIN28A,2,2.76E-04,0.24210648,0.3393502
LIPG,85,0.013726595,559.5349,0.41307786
LMNA,160,0.02434027,1248.3607,0.42518544
LMNB1,236,0.032913752,3158.6006,0.43737206
LMO2,4,3.46E-04,1.6966779,0.33759516
LMO4,3,2.19E-04,0.76489866,0.33749822
LMX1A,9,8.02E-04,6.6779914,0.37301588
LMX1B,1,9.57E-05,0,0.31752467
LONP1,104,0.018140672,431.5133,0.41615018
LOXL2,132,0.021469634,1155.5638,0.42587894
LRP6,197,0.029411744,2042.5947,0.43056065
LRRC8E,59,0.012248999,128.76202,0.4081278
LRRFIP1,2,1.61E-04,0.5681595,0.3267974
LSM3,93,0.015017362,479.56555,0.4141699
LTBP2,76,0.01365601,374.05273,0.41206384
LTF,21,0.002892797,196.99821,0.42250988
LUM,63,0.012703553,212.76996,0.40855354
LY6D,8,0.001383554,2.0252407,0.38945973
LYL1,3,2.72E-04,1.2143116,0.34579164
LYN,112,0.018053887,747.1055,0.41637138
LYPLA1,114,0.01985925,730.36884,0.41748092
LYVE1,9,0.001334993,3.3536806,0.38740522
LYZ,37,0.007014542,59.520985,0.4283631
MACC1,95,0.014716848,5345.4263,0.41395104
MAF,2,1.64E-04,1.4522911,0.33163986
MAFB,1,1.49E-04,0,0.32693377
MAFG,2,1.14E-04,0.41304618,0.31354237
MAFK,1,5.30E-05,0,0.3099855
MAGEA3,33,0.007587072,42.027985,0.40412727
MAGI3,103,0.01826103,582.8847,0.41541454
MAL,34,0.007667827,32.27077,0.40997908
MALAT1,23,0.002079179,33.29541,0.38143158
MAML1,1,1.38E-04,0,0.33404407
MAP1LC3A,20,0.003556766,23.92336,0.4145352
MAP2,173,0.027082592,2751.9329,0.42773935
MAP2K3,113,0.019214751,590.70233,0.4182239
MAP3K11,104,0.018813262,401.62756,0.4152677
MAP3K14,110,0.019150848,969.77313,0.41637138
MAP3K5,135,0.022435226,1202.9427,0.4461743
MAP4K4,193,0.029946601,2019.2063,0.43071848
MAP7,134,0.022387633,904.7255,0.4210715
MAPK1,275,0.03480671,7158.3813,0.45577967
MAPK10,94,0.017706124,362.7903,0.41409692
MAPK14,168,0.025936836,2398.3057,0.43583086
MAPK3,88,0.013927311,635.6941,0.4131505
MAPK6,222,0.03119848,3257.2646,0.43494356
MAPK8,209,0.029791906,4348.7725,0.4533179
MATN1-AS1,2,2.25E-04,0.037273016,0.32311288
MAX,3,2.04E-04,0.71038175,0.34589344
MAZ,4,1.87E-04,3.1189132,0.32697928
MBD1,2,1.39E-04,0.6357568,0.32342416
MBD2,163,0.024698516,7572.392,0.44007492
MBNL2,192,0.029183496,2551.6895,0.43008783
MCL1,339,0.03805569,18323.217,0.47968975
MCM2,165,0.02543654,1468.7859,0.43135095
MCM3,179,0.026140485,1999.3716,0.43286055
MCM4,205,0.028037513,3497.282,0.43729067
MCM5,135,0.02197961,946.7594,0.4388422
MCM6,164,0.026119594,1602.3473,0.4303241
MCM7,194,0.02793488,3389.2102,0.44231132
MCPH1,73,0.0141282,214.46033,0.42160028
MDC1,156,0.023682792,1518.5579,0.43534642
MDM2,363,0.03927066,34562.168,0.48785552
MDM4,225,0.030269504,3915.1196,0.4431454
MECP2,187,0.02703077,3755.9219,0.4556913
MED1,3,2.54E-04,0.94887674,0.33696586
MED23,1,1.28E-04,0,0.31450748
MEF2A,223,0.030976566,6302.5273,0.44881588
MEF2B,1,9.12E-05,0,0.31951055
MEF2C,3,3.75E-04,0.32904476,0.3503802
MEF2D,1,1.28E-04,0,0.33657977
MEG3,13,0.001505552,36.702583,0.3773282
MEIS1,1,1.11E-04,0,0.33168668
MELK,114,0.019408423,667.8698,0.41681448
MEN1,116,0.01872083,1330.2815,0.43925235
MEPE,7,0.001315386,1.9553198,0.38292325
MET,243,0.032165438,14277.761,0.46332806
METTL16,104,0.017812775,682.1503,0.41600284
METTL3,91,0.017560193,353.2181,0.41438898
MEX3A,130,0.021382011,994.39856,0.42039356
MFAP5,31,0.004849054,53.55365,0.40219066
MIF,57,0.009759061,762.4283,0.43991014
MITF,6,6.25E-04,2.4469619,0.34923467
MKI67,269,0.03452148,7853.79,0.45393085
MKL1,3,2.94E-04,0.26741478,0.32702476
MLH1,86,0.015750898,4437.95,0.4182239
MLL2,1,4.29E-05,0,0.29570907
MLL3,1,4.29E-05,0,0.29570907
MLLT10,3,3.78E-04,1.0638156,0.34835458
MLLT3,3,3.78E-04,1.0638156,0.34835458
MLXIP,211,0.029781157,3193.2405,0.4330999
MLXIPL,46,0.008562937,167.64822,0.4234234
MMP1,82,0.009649921,17279.268,0.45393085
MMP10,33,0.004336856,5241.1455,0.43079743
MMP11,11,0.001443378,7.929698,0.41490114
MMP12,6,7.71E-04,1.7015958,0.3987782
MMP13,44,0.003670742,3474.1113,0.4379426
MMP14,130,0.020581136,6894.8623,0.45375556
MMP2,145,0.017989974,20562.21,0.4615989
MMP3,72,0.013144367,1992.0758,0.44507575
MMP7,28,0.002622256,587.3907,0.43583086
MMP9,96,0.010666124,8504.854,0.46351084
MNX1,30,0.003998096,63.47825,0.3995919
MRPL11,28,0.004886194,38.90498,0.40191552
MRPS2,107,0.018082239,617.8203,0.41688842
MRPS23,123,0.02028853,934.592,0.41904423
MRPS30,114,0.01986401,814.25775,0.4180007
MSC,7,3.64E-04,15.147265,0.336628
MSH2,155,0.025899692,2534.15,0.43655953
MSI1,62,0.010925474,230.6453,0.409479
MSI2,210,0.030398484,2848.529,0.4320647
MSLN,33,0.005912643,5884.0586,0.40301836
MSN,163,0.024209093,1700.2628,0.42572463
MSX1,44,0.00750561,9447.624,0.40454468
MSX2,3,2.61E-04,1.2305998,0.33234337
MT-CO2,107,0.020626888,437.3815,0.41644517
MT1G,24,0.004087042,37.47018,0.41570848
MTA1,103,0.015323225,3571.3477,0.46214357
MTA2,178,0.02626295,2593.4353,0.43599257
MTA3,1,6.46E-05,0,0.31337512
MTDH,247,0.033181675,4150.4785,0.45105568
MTF2,238,0.032284748,5208.687,0.43818757
MTOR,170,0.026683053,1672.1581,0.42634252
MTUS1,151,0.023068976,1455.2927,0.42388168
MUC1,88,0.015197774,8870.653,0.44490722
MUC15,24,0.003274184,58.778572,0.39972785
MUC16,46,0.010089327,51.184048,0.4058021
MUC2,11,7.97E-04,4847.6855,0.3799515
MUC4,35,0.003499135,1283.7648,0.44440243
MXD1,2,1.63E-04,0.38899967,0.3330499
MXI1,2,2.44E-04,0.3146794,0.34681228
MYB,167,0.023705138,11379.323,0.46719682
MYBL1,1,1.10E-04,0,0.30555195
MYBL2,147,0.023430608,2317.4634,0.46580774
MYC,386,0.042011257,117982.06,0.52117985
MYCN,152,0.020415574,12616.394,0.476094
MYH9,296,0.037208054,6911.125,0.44710806
MYL5,17,0.001904565,21.57681,0.39535666
MYLIP,226,0.029644556,4452.032,0.43583086
MYO10,194,0.028878752,2497.2065,0.43024534
MZF1,5,3.13E-04,3.5203109,0.33509198
NAB1,1,2.31E-05,0,0.28728607
NAB2,1,4.53E-05,0,0.30159137
NACC1,228,0.02988004,4945.153,0.43615443
NAE1,77,0.011339801,453.79532,0.41076735
NANOG,7,5.90E-04,43.278114,0.35200718
NCAPH,123,0.021948524,616.0897,0.41926852
NCK1,104,0.018475413,550.9595,0.4153411
NCL,227,0.028318875,9273.613,0.43991014
NCOA1,1,1.52E-04,0,0.33890972
NCOA2,1,1.11E-04,0,0.33168668
NCOA3,4,2.31E-04,13.804921,0.33576226
NCOA4,1,1.11E-04,0,0.33168668
NCOA5,99,0.017648801,486.97824,0.41438898
NCOA6,1,1.21E-04,0,0.32839575
NCOR1,6,5.43E-04,6.3422794,0.35295886
NCOR2,3,2.62E-04,0.907449,0.34077725
NDC1,152,0.025312688,1308.8483,0.42418772
NDRG1,185,0.02777846,4356.5186,0.45684293
NDRG2,80,0.014877046,310.9936,0.41206384
NDUFS6,42,0.007664521,73.45179,0.4047537
NEAT1,8,0.001044289,151.2688,0.39629006
NEDD9,111,0.01916934,918.76044,0.41651896
NEK1,22,0.003914933,21.417841,0.39642376
NEK2,79,0.014543695,231.7513,0.4114866
NELFCD,3,4.58E-04,1.8272108,0.35455644
NES,82,0.014871859,3807.754,0.4252624
NF1,4,5.12E-04,0.69755536,0.35971224
NFAT5,1,3.59E-05,0,0.31096995
NFATC1,3,2.24E-04,2.4365938,0.35232383
NFATC2,4,2.13E-04,5.5879464,0.34122258
NFE2,1,5.81E-05,0,0.29814768
NFE2L1,1,5.30E-05,0,0.3099855
NFE2L2,220,0.029573549,7155.7383,0.44575113
NFIA,1,1.52E-04,0,0.33890972
NFIB,1,1.52E-04,0,0.33890972
NFIC,5,4.60E-04,1.3840653,0.34732485
NFIL3,4,2.30E-04,4.2925234,0.3288553
NFIX,1,1.52E-04,0,0.33890972
NFKB1,284,0.032564472,57176.816,0.5124291
NFKB2,3,4.63E-04,0.72013354,0.3498065
NFKBIA,132,0.018929064,2522.4578,0.44222808
NFKBIB,1,2.11E-05,0,0.30507594
NFRKB,1,1.28E-04,0,0.33657977
NFYA,7,5.36E-04,8.391123,0.34773603
NFYB,7,5.52E-04,10.540518,0.35174376
NFYC,6,4.94E-04,9.0299835,0.35116556
NIPSNAP1,93,0.016601283,319.16794,0.4145352
NKX2-1,2,2.52E-04,0,0.35022354
NKX2-3,1,1.38E-04,0,0.33404407
NKX2-5,3,1.92E-04,0.9434567,0.3289934
NKX3-1,6,8.02E-04,3.627026,0.36524713
NLRC5,52,0.009414352,178.70836,0.4070674
NME1,110,0.016215717,719.10803,0.43615443
NME2,45,0.006898503,154.1941,0.4048932
NNT,171,0.0271023,1714.1084,0.4265747
NOB1,95,0.016879054,638.24615,0.41344124
NOL7,51,0.007138499,1165.1191,0.4347022
NOS2,36,0.00602915,992.3785,0.44796035
NOTCH1,174,0.026478024,7215.6455,0.43892416
NOTCH2,304,0.037453108,6469.147,0.4489874
NOTCH3,1,3.08E-05,0,0.28781384
NPAS2,1,5.45E-05,0,0.29131028
NPM1,5,7.31E-04,4.0352473,0.36015326
NQO1,97,0.013593835,14615.249,0.44915903
NR0B1,19,0.003879185,6827.59,0.40301836
NR0B2,2,2.23E-04,1.1655493,0.34261554
NR1H4,7,5.84E-04,9.659087,0.35595274
NR1I2,9,9.48E-04,5.196083,0.3638334
NR2E3,1,1.09E-04,0,0.33187404
NR2F1,1,1.85E-05,0,0.30819672
NR2F2,2,1.27E-04,6.17699,0.33715925
NR2F6,1,1.85E-05,0,0.30819672
NR3C1,16,0.001358557,85.14262,0.38143158
NR3C2,2,1.76E-04,0.15803732,0.32498962
NR4A1,8,7.14E-04,13.475973,0.35872385
NR4A2,128,0.02111062,1905.9242,0.42922375
NR4A3,1,6.92E-05,0,0.32463047
NR5A1,3,4.49E-05,9.352964,0.3176105
NR5A2,2,8.86E-05,4.00172,0.32116988
NRAS,215,0.031119505,3939.0564,0.43933445
NRF1,2,1.22E-04,1.1580243,0.32311288
NRM,76,0.014893167,199.56932,0.41170287
NRP2,119,0.020638505,816.5398,0.41874555
NSD2,188,0.029259808,1742.5594,0.4297732
NT5E,129,0.020800766,2930.1055,0.4442344
NTF3,15,0.002244402,4708.725,0.41504768
NTMT1,52,0.008283897,160.72195,0.4065744
NTN4,125,0.020879678,922.565,0.4202432
NTRK2,133,0.020519065,1102.9684,0.42114696
NTRK3,130,0.02132734,7516.064,0.4221304
NUAK2,135,0.022498397,916.80914,0.42122245
NUDT21,181,0.027292555,2084.3972,0.42797303
NUP107,115,0.020950072,624.6683,0.41718444
NUP210,200,0.029652767,2443.0068,0.4316679
NUP93,118,0.019910958,918.7396,0.4183728
NUPR1,4,5.33E-04,0.6529904,0.36065072
NUSAP1,122,0.019448698,907.5324,0.41852182
OAT,93,0.015352273,559.8103,0.4344611
OGN,19,0.004615284,42.850983,0.39925247
OGT,265,0.034651525,5082.5947,0.44247788
OLIG2,1,4.50E-05,0,0.29030266
OPN3,46,0.007405086,158.20744,0.4062932
ORAOV1,2,2.98E-04,0.1357685,0.34706837
ORM1,18,0.003452919,17.977026,0.39938816
ORM2,12,0.002393697,5.776398,0.39436147
OSMR,140,0.023271093,1097.8883,0.4221304
OSR1,16,0.002800103,11.687384,0.3982376
OTX1,72,0.013587404,251.89154,0.41055205
OTX2,3,2.21E-04,0.59052706,0.3254397
P2RX4,43,0.009166666,68.94675,0.42945907
PA2G4,134,0.020614022,1370.6016,0.43599257
PACS1,133,0.02125779,1083.554,0.42009297
PAF1,112,0.01946922,550.82214,0.4171104
PAICS,174,0.027553044,1589.8685,0.4269622
PAIP1,82,0.014115965,442.04547,0.41191936
PAK1,108,0.019996513,6148.132,0.41688842
PAK4,96,0.015688604,678.5813,0.413514
PAK6,92,0.016881067,351.75607,0.4145352
PAMR1,28,0.004568155,47.11014,0.40136635
PAPD7,33,0.003239054,80.99442,0.39134055
PARK7,93,0.015050333,490.04343,0.41365957
PARP1,266,0.03246831,11801.984,0.4860393
PARP14,93,0.018412706,321.79965,0.41395104
PAWR,1,1.17E-04,0,0.3266157
PAX1,1,8.07E-05,0,0.2982612
PAX2,3,3.44E-04,1.6667285,0.34876817
PAX3,4,3.45E-04,1.0958693,0.33229637
PAX5,12,0.001109769,40.470978,0.3723657
PAX6,3,2.92E-04,0.97242707,0.32922387
PAX8,2,2.42E-04,0,0.34660766
PAX9,104,0.017589798,731.4753,0.41563496
PBK,99,0.016545419,594.67065,0.41438898
PBX3,148,0.023685092,1148.2676,0.42250988
PCBP2,198,0.027864128,2464.368,0.43056065
PCGF2,2,1.89E-04,0.04803022,0.3196844
PCNA,176,0.02469853,10452.366,0.46105552
PCNP,153,0.023099426,1465.2451,0.42418772
PDCD10,157,0.023252342,1493.2128,0.42472437
PDCD11,145,0.023298586,1363.3394,0.4244942
PDCD4,199,0.027904695,3792.0059,0.43655953
PDCD5,42,0.007123053,857.9682,0.40343347
PDCD6,81,0.014501322,353.11725,0.41191936
PDCD7,67,0.01347704,181.27592,0.40969315
PDGFA,108,0.018550765,766.67346,0.42851934
PDGFB,94,0.017646883,689.4514,0.44131455
PDGFRA,128,0.020676173,6230.694,0.4249548
PDGFRB,103,0.017188191,1079.2606,0.42580178
PDIA3,138,0.02344556,885.17194,0.42122245
PDIA4,141,0.024148615,912.8291,0.42220625
PDK1,96,0.01702712,514.51465,0.42719504
PDK2,72,0.014393996,221.71913,0.41556144
PDPK1,151,0.024063563,1142.3491,0.4230423
PER1,2,1.90E-04,0.42844406,0.33131257
PER2,1,9.17E-05,0,0.31308287
PFKM,142,0.02378802,1072.1337,0.42152467
PGR,16,0.001517623,98.64765,0.38361084
PHB,80,0.013162694,862.7806,0.42595613
PHB2,1,1.38E-04,0,0.32373604
PHF10,1,9.83E-05,0,0.3118365
PHF8,1,8.90E-05,0,0.29679212
PHOX2B,1,2.93E-05,0,0.28806078
PI3,42,0.007300732,79.33311,0.40601245
PIAS1,2,1.58E-04,0,0.3268883
PIAS2,3,2.50E-04,0.60818857,0.3402838
PIAS3,86,0.015490831,552.14233,0.4404048
PIAS4,1,5.93E-05,0,0.3079544
PIGF,29,0.005479508,59.509727,0.40301836
PIGT,117,0.019508667,828.9382,0.41814947
PIK3CA,165,0.026914852,1508.4716,0.44172934
PIK3CB,181,0.028119609,1497.7074,0.42859748
PIK3CD,69,0.011063587,339.33975,0.41829833
PIK3R1,218,0.031454485,4804.383,0.43438077
PIK3R2,103,0.018075995,1110.185,0.4153411
PIK3R3,164,0.024940692,3024.1948,0.42533937
PIN1,87,0.013140284,754.1541,0.42327088
PIR,1,1.27E-04,0,0.33886084
PITX1,4,2.40E-04,16.050665,0.34543583
PITX2,4,2.11E-04,1.681282,0.32369146
PKM,250,0.032201473,5190.078,0.439581
PLAG1,1,6.48E-05,0,0.31019008
PLAGL1,112,0.018953634,1098.0289,0.4270398
PLAGL2,1,6.48E-05,0,0.31019008
PLAU,167,0.024601353,14837.952,0.46296296
PLAUR,109,0.018604985,4089.8142,0.45472136
PLCG1,139,0.023130598,1077.594,0.42099607
PLD1,64,0.011350867,1879.907,0.42742816
PLK1,162,0.023909617,6527.1636,0.44881588
PLK2,172,0.027591012,1488.017,0.4265747
PLOD2,169,0.026053635,1314.9061,0.4254934
PLP2,90,0.015964814,485.85452,0.4129327
PLRG1,114,0.019785259,5294.859,0.41688842
PLS1,85,0.01616287,262.61993,0.41249782
PLSCR1,87,0.012693905,875.0713,0.42152467
PLXNB1,73,0.015443552,155.41292,0.41076735
PMAIP1,226,0.02846885,8747.88,0.46305418
PML,9,0.001074408,21.568277,0.36996222
PODXL,181,0.027974736,2393.7126,0.42797303
POFUT1,145,0.023423826,1223.0717,0.42182732
POLR1A,1,1.15E-04,0,0.3346625
POP5,45,0.008635048,98.890625,0.40650406
POU2F1,13,8.61E-04,57.759666,0.35905272
POU2F2,3,7.86E-05,3.39288,0.31092882
POU2F3,1,1.90E-06,0,0.26102412
POU4F1,2,1.81E-04,0.13105735,0.31752467
POU4F2,2,3.06E-04,0.29484585,0.34216657
POU5F1,31,0.002908264,7511.103,0.44364735
POU5F1B,10,9.90E-04,8.442651,0.378361
PPARA,8,5.81E-04,13.647007,0.344777
PPARD,3,1.47E-04,1.5593778,0.31497118
PPARG,130,0.017726216,20823.326,0.4805726
PPP1R12A,249,0.033915706,3786.4263,0.43933445
PPP1R13L,83,0.015507777,378.20346,0.41257024
PPP2R5C,162,0.025736129,1639.1276,0.4249548
PRAME,43,0.008062594,97.40432,0.4158556
PRDM1,3,3.95E-04,0.29903212,0.34975442
PRDM14,1,1.13E-05,0,0.30735025
PRDM2,206,0.028461274,3381.7603,0.44499147
PRDM4,173,0.026024334,1774.2418,0.42727274
PRDM5,46,0.010114744,93.03306,0.40531218
PRDX2,71,0.011813412,228.77275,0.40955037
PRDX6,102,0.018968008,373.75516,0.41600284
PRG3,3,3.51E-04,1.0915338,0.36490682
PRKCD,115,0.019273039,892.55835,0.41718444
PRLR,157,0.025028972,1480.7771,0.4242643
PROX1,4,2.57E-04,5.4480124,0.33509198
PSMA7,113,0.019239873,595.25635,0.4165928
PSMB4,113,0.019416342,599.417,0.41688842
PSMB9,54,0.006333873,5297.174,0.42742816
PSTPIP1,5,0.001154195,0.468986,0.3870224
PTEN,309,0.03604825,27367.213,0.4790053
PTGES,53,0.009207211,518.9924,0.4433126
PTGS2,203,0.027540974,31832.285,0.476094
PTK2,179,0.027978955,1519.4873,0.42735043
PTK6,43,0.007098636,252.3989,0.42859748
PTMA,2,1.62E-04,5.1968675,0.3393992
PTP4A1,247,0.02996657,10686.481,0.44796035
PTPN9,124,0.020756263,841.6073,0.41874555
PTPRJ,219,0.029982634,3947.0088,0.43462178
PTTG1,95,0.016565284,840.7639,0.46241638
PTX3,106,0.016563805,785.833,0.41674057
PUM2,289,0.03655666,5554.906,0.44651338
PURA,3,2.95E-04,1.0850685,0.34077725
PXN,190,0.030511528,1524.5458,0.4303241
PYCR1,74,0.013228846,276.34833,0.410337
QKI,306,0.037718922,6798.9307,0.44941673
RAB10,207,0.02971148,2666.2395,0.43222365
RAB14,198,0.027787542,2396.622,0.43087643
RAB2B,82,0.015240441,321.35663,0.41184717
RAB39A,32,0.007887783,22.56332,0.40288016
RAB5A,134,0.02074105,1180.9786,0.42046878
RAB8A,115,0.021233711,478.53528,0.41688842
RAC1,224,0.030410394,4382.5166,0.43712798
RACGAP1,184,0.02668893,3322.334,0.43680298
RACK1,132,0.021214195,892.2984,0.4202432
RAD21,231,0.031171637,4049.9216,0.43655953
RAD51,109,0.015184579,6532.4204,0.44804576
RAD52,18,0.003752437,11.758209,0.3995919
RAF1,177,0.026015446,3287.5393,0.42719504
RALY,100,0.017723825,452.48218,0.4147547
RAP1A,126,0.019415058,1466.2797,0.4191937
RAP2B,176,0.02524578,2260.8662,0.42719504
RARA,133,0.02091243,2697.4119,0.46461052
RARB,72,0.011609614,6114.3447,0.4330999
RARG,131,0.021101318,6177.4824,0.43591172
RARRES3,3,4.13E-04,0.19941314,0.34645438
RASA1,183,0.027326591,2701.3499,0.4289887
RASSF8,168,0.023667235,2299.5217,0.42580178
RB1,148,0.018813938,9638.517,0.4784202
RB1CC1,192,0.028394714,2632.7532,0.43802422
RBBP6,225,0.030740324,3594.7075,0.43583086
RBBP7,1,1.22E-04,0,0.32489976
RBL1,140,0.022912687,2643.5208,0.4412317
RBL2,78,0.011611844,5605.1997,0.4317472
RBMX,7,6.92E-04,2.671409,0.35295886
RBP1,42,0.008061308,72.389,0.40664476
RBPJ,3,3.42E-04,0.49140918,0.35190177
RCAN3,93,0.016929617,535.5808,0.41322315
RCL1,54,0.010924194,104.48416,0.40699688
RCN2,142,0.02225282,1297.879,0.4220546
RDX,148,0.022644214,2445.2537,0.42266187
RECK,132,0.020556599,2686.322,0.44448647
RECQL4,87,0.016703762,308.96863,0.4379426
REL,7,4.34E-04,25.388502,0.34727353
RELA,262,0.03025918,35923.203,0.5096508
REST,4,3.34E-04,2.0992062,0.34251568
RFC3,97,0.01712395,835.525,0.41482788
RFWD2,2,1.34E-04,0.70111215,0.32187372
RFX1,5,3.75E-04,13.391443,0.34804502
RFX2,1,5.65E-05,0,0.29966846
RFX3,1,5.65E-05,0,0.29966846
RFX5,5,9.70E-05,504.27902,0.316797
RFXANK,4,7.77E-05,319.08337,0.3046804
RFXAP,4,7.77E-05,319.08337,0.3046804
RGS1,63,0.009898138,224.75946,0.40734962
RGS17,120,0.020215804,938.75433,0.41792637
RHBDF1,55,0.010264769,113.17989,0.40770298
RHBDF2,87,0.015917256,288.4911,0.41402397
RHCG,19,0.002842088,33.082478,0.39756387
RHEB,85,0.012892276,482.3847,0.41213608
RHOA,193,0.027148142,3643.589,0.43270117
RHPN1,36,0.007640623,71.35018,0.40412727
RICTOR,253,0.033148594,4954.1777,0.4402398
RIPK4,82,0.014131419,416.23083,0.4124254
RNF114,119,0.02115128,690.0613,0.4184473
RNF14,1,1.66E-04,0,0.336821
RNF38,198,0.027401112,3011.426,0.43103448
RNPS1,144,0.02232151,1090.0073,0.4220546
ROCK1,145,0.023689365,1332.3933,0.42289004
RORA,1,1.15E-04,0,0.3346625
RORC,1,4.65E-06,0,0.29334664
RPL37,141,0.022040298,1428.1748,0.42167595
RPRD1B,107,0.016391473,702.11163,0.4153411
RPS6,154,0.023165897,1634.9255,0.4236524
RPS6KB1,208,0.03015868,2920.4595,0.43286055
RPS6KB2,66,0.011832456,282.33664,0.40883785
RPSA,73,0.011569832,392.1458,0.41127056
RRAD,42,0.007749146,134.19446,0.40482342
RRBP1,112,0.018013224,728.77014,0.41666666
RRM2,187,0.027324941,1989.3956,0.43647847
RRM2B,152,0.024666017,1821.8276,0.437861
RTN3,167,0.025831826,3431.8054,0.42557046
RUBCNL,23,0.00414868,18.632832,0.4003407
RUNX1,160,0.02261254,21700.277,0.4647943
RUNX2,9,7.51E-04,24.992298,0.35921738
RUNX3,107,0.017700046,4124.164,0.4654387
RUVBL1,1,1.26E-04,0,0.33720765
RXRA,4,1.28E-04,4.4823565,0.31899008
S100A4,66,0.010449012,1551.2585,0.43063954
S100A8,21,0.003644192,19.77493,0.39622325
S100A9,31,0.004141379,459.2064,0.41548797
S100P,48,0.008792392,261.42212,0.407279
S100PBP,141,0.023277078,1108.8773,0.42160028
S1PR1,105,0.016854733,818.7694,0.4270398
SAA1,18,0.002425322,71.63241,0.42688465
SAA4,4,9.61E-04,0.4250504,0.39017102
SALL3,1,9.22E-05,0,0.3170962
SALL4,111,0.02089177,838.0533,0.44448647
SALL4A,1,5.28E-05,0,0.30803514
SATB1,152,0.022990812,3028.5916,0.45393085
SATB2,1,4.44E-05,0,0.30587012
SBK1,96,0.015681198,593.5982,0.41373238
SCAI,132,0.022322793,2147.9631,0.4206946
SCD,323,0.037404187,10447.879,0.4543697
SDHA,99,0.018117502,492.6326,0.4147547
SDHC,114,0.02034102,607.77423,0.41725853
SDHD,42,0.007721477,204.7462,0.40573204
SEC14L2,1,2.47E-05,0,0.29947752
SEM1,39,0.006930116,148.0127,0.40205303
SEMA4C,160,0.024761345,1515.3583,0.42457092
SEMA5A,99,0.018189423,731.0249,0.4158556
SEMG2,10,0.002738737,1.4656429,0.39502436
SEPTIN9,126,0.021790829,752.4243,0.41859636
SERPINA3,71,0.013216372,308.79617,0.42572463
SERPINB3,6,5.90E-04,1.5228274,0.35725144
SERPINB4,12,0.001439075,7.638024,0.38298565
SERPINB5,70,0.011360327,1209.542,0.44015732
SERPINE1,198,0.027371995,16915.703,0.46971816
SERPINH1,180,0.024527604,2607.1462,0.4275837
SETBP1,1,1.07E-04,0,0.32258064
SF1,2,1.13E-04,1.152989,0.3168397
SFMBT1,140,0.023088539,1131.1226,0.4213735
SFN,106,0.018442243,622.5545,0.42634252
SFPQ,2,9.46E-05,0,0.3171818
SFRP4,13,0.0024575,7.234172,0.3968254
SGK1,196,0.027869586,3241.8933,0.43867835
SGK3,125,0.020678898,1028.5386,0.41964287
SH3BP1,29,0.006222539,27.380537,0.40232837
SHCBP1,157,0.024297092,1542.975,0.42464763
SHH,62,0.012544515,737.81055,0.42789513
SIAH1,127,0.020542178,889.69696,0.43150938
SIK1,202,0.027162831,3361.4133,0.43143013
SIM2,2,2.16E-04,0.4563896,0.33065993
SIN3A,1,1.15E-04,0,0.3346625
SIRT1,224,0.030312622,16346.98,0.48785552
SIRT2,1,1.52E-04,0,0.33890972
SIRT3,1,1.09E-04,0,0.3228022
SIVA1,42,0.007850668,97.78239,0.42503166
SIX1,99,0.015169529,880.76794,0.42797303
SKA3,63,0.011674802,170.9088,0.4091938
SKI,2,2.24E-04,0.15443613,0.33513975
SKIL,1,1.08E-04,0,0.32218263
SKP2,141,0.021819241,2918.9172,0.4473634
SLC19A1,78,0.014358671,732.88464,0.44015732
SLC22A1,8,0.00176853,1.5458019,0.39245158
SLC25A13,120,0.020737588,809.40924,0.4183728
SLC30A1,220,0.030612987,3471.597,0.4347022
SLC30A10,28,0.004051334,41.76851,0.4000681
SLC39A6,212,0.030449115,3514.5215,0.4330999
SLC3A2,147,0.023407638,1256.4396,0.44056994
SLC5A3,241,0.03320953,4361.143,0.43802422
SLC6A2,6,3.14E-04,3.884022,0.32903948
SLC6A6,186,0.026679445,3014.9658,0.43737206
SLC7A5,276,0.03516393,5909.535,0.45604503
SLC7A6OS,60,0.009667313,223.34744,0.40869564
SLIT2,158,0.023196843,2322.1255,0.42457092
SMAD2,256,0.03300446,7759.365,0.46268952
SMAD3,201,0.028875431,11635.033,0.48047435
SMAD4,231,0.032186814,5844.512,0.4759012
SMAD7,197,0.027809577,9534.848,0.4752275
SMAGP,58,0.010517159,419.03616,0.40784448
SMARCA1,2,1.55E-04,0.23707098,0.32329068
SMARCA4,7,7.69E-04,20.68123,0.36293435
SMARCB1,2,1.55E-04,0.23707098,0.32329068
SMURF2,1,9.70E-05,0,0.31722462
SNAI1,115,0.016570717,9439.464,0.4563107
SNAI2,159,0.023517394,17098.24,0.4556913
SNAP23,81,0.013808969,332.64624,0.41163075
SNCG,48,0.009165634,168.37204,0.4071379
SNHG17,2,3.70E-04,0.06608947,0.35943714
SNIP1,2,3.30E-04,0,0.35290584
SNRPB,119,0.018227076,852.37524,0.41807508
SNW1,1,4.53E-05,0,0.3022508
SOCS1,110,0.01752685,2724.9438,0.4452444
SOCS5,217,0.030405737,3233.3823,0.43405986
SOS1,168,0.026087143,1714.2797,0.42587894
SOS2,155,0.025268342,1362.0367,0.42464763
SOX1,24,0.00404688,135.4717,0.40109235
SOX10,2,8.07E-05,0.17341113,0.29978314
SOX17,1,5.74E-05,0,0.2927984
SOX2,76,0.010652269,6622.781,0.45140222
SOX4,270,0.03424116,12304.514,0.45844713
SOX6,5,6.80E-04,2.462136,0.3650202
SOX9,169,0.025180016,15604.524,0.46223447
SP1,465,0.04975361,91077.445,0.5362848
SP100,84,0.014923391,806.1831,0.42281395
SP2,4,2.17E-04,2.2615676,0.33000982
SP3,32,0.002631296,357.72675,0.38734135
SP4,6,7.48E-04,4.454809,0.36519036
SPA17,26,0.004994331,65.63688,0.4025351
SPAG5,120,0.01956088,713.39453,0.41792637
SPARC,130,0.019424323,2038.5817,0.42688465
SPDEF,6,3.06E-04,21.318552,0.3356184
SPHK1,57,0.010333893,138.68513,0.42742816
SPI1,10,7.22E-04,14.3200655,0.35285285
SPP1,48,0.004821435,2858.4653,0.4320647
SPRR1B,11,0.001816078,4836.81,0.41867095
SPRR2A,7,4.86E-04,4724.821,0.35317102
SPTB,54,0.011740349,105.949036,0.40770298
SREBF1,8,8.85E-04,4.183547,0.3563846
SREBF2,1,6.92E-05,0,0.32463047
SRF,193,0.027229836,12459.6,0.46580774
SRSF1,2,2.91E-04,0,0.35407564
SRSF9,89,0.01492344,443.19934,0.4131505
SRXN1,57,0.012398816,106.92969,0.40770298
SRY,1,9.82E-05,0,0.31615767
SSX2,1,7.02E-05,0,0.3158602
ST14,115,0.019160677,1503.4375,0.4177035
ST18,91,0.017101858,760.5996,0.41344124
ST6GAL1,70,0.011329979,504.63748,0.43246228
ST7L,65,0.012487802,214.49545,0.40912256
STARD10,57,0.012694109,100.74775,0.40770298
STAT1,189,0.025295075,24976.064,0.47803092
STAT2,4,2.32E-04,7.362191,0.33590624
STAT3,293,0.035844665,28474.129,0.5092091
STAT4,4,2.29E-04,12.624618,0.34589344
STAT5,1,9.12E-05,0,0.31951055
STAT5A,8,8.89E-04,17.57845,0.37095502
STAT5B,7,5.83E-04,16.795897,0.35477054
STAT6,10,8.56E-04,25.636572,0.35525322
STAU1,224,0.03172924,2677.4163,0.43575004
STC1,150,0.024665754,1058.6355,0.42311847
STC2,201,0.028814433,2629.3027,0.4320647
STIP1,199,0.029323302,2733.3506,0.43087643
STK11,93,0.014966247,2543.376,0.43818757
STK17A,65,0.011907455,206.67674,0.40976462
STK3,95,0.016446985,530.7382,0.41365957
STK31,16,0.003483784,8.547282,0.39898133
STMN1,191,0.026678279,4566.45,0.44600493
STOML2,91,0.016020358,387.64783,0.4138781
STX16,189,0.02714584,2653.401,0.42930216
SULF2,121,0.021947768,506.74634,0.41807508
SUZ12,2,1.57E-04,0.8380481,0.32121378
SYCP2,37,0.007605112,40.624973,0.40433586
SYK,60,0.010441674,432.27872,0.42281395
TAB3,152,0.024497546,1125.0779,0.42281395
TACSTD2,73,0.01330224,310.20786,0.410337
TAF1,2,2.63E-04,0,0.34850958
TAF4,1,1.52E-04,0,0.33890972
TAF5,1,1.52E-04,0,0.33890972
TAGLN2,135,0.021846997,854.67865,0.42084527
TAL1,8,5.00E-04,10.149387,0.35428917
TAP2,90,0.016320163,571.85126,0.4270398
TARS,62,0.010906477,139.69487,0.40855354
TBC1D1,83,0.015585966,323.30536,0.41184717
TBL1X,1,1.64E-04,0,0.3426655
TBL1XR1,299,0.037051648,5895.432,0.4481312
TBP,8,9.62E-04,13.075401,0.3717766
TBX2,2,1.83E-04,3.0080426,0.34092557
TBX21,4,2.86E-04,1.0228577,0.33993924
TBX3,114,0.019717941,935.6619,0.44389877
TBX5,16,0.003189145,316.66943,0.4051724
TCEA2,49,0.008236802,168.65715,0.40671512
TCF12,1,1.22E-04,0,0.32489976
TCF19,1,7.01E-05,0,0.31266633
TCF3,165,0.024533272,17189.426,0.4651623
TCF4,14,0.001544756,31.930368,0.3763613
TCF7,1,9.17E-05,0,0.31308287
TCF7L2,199,0.028410958,4876.2407,0.46360227
TCP11,6,0.001249039,0.6945074,0.3839242
TEAD1,2,1.29E-04,0.6024705,0.3187305
TEAD4,1,1.42E-04,0,0.33253148
TEK,59,0.011840656,6187.7764,0.415121
TERT,62,0.005690483,9165.319,0.46296296
TFAP2A,26,0.002177205,138.81738,0.3764216
TFAP2B,2,1.16E-04,0.7754988,0.31735313
TFAP2C,6,5.07E-04,15.347578,0.35557574
TFAP4,4,3.38E-04,11.1137295,0.34933847
TFCP2,104,0.0174476,928.63727,0.43655953
TFDP1,8,7.06E-04,5.753411,0.35439602
TFDP3,1,1.15E-04,0,0.3346625
TFF3,18,0.002930672,117.12205,0.42009297
TFPI2,87,0.015055445,828.9498,0.44289485
TFRC,247,0.032958694,6155.8296,0.46250737
TGFA,93,0.016779954,502.87177,0.44289485
TGFB1,78,0.009159354,3885.445,0.44719315
TGFB2,156,0.02473334,3137.5552,0.4289887
TGFBI,105,0.017948367,546.36176,0.4220546
TGFBR1,214,0.02981614,7649.475,0.4398278
TGFBR2,243,0.032014053,14811.654,0.45934322
TGFBR3,183,0.026454043,3639.9075,0.43286055
TGIF1,1,1.07E-04,0,0.3196409
THBD,74,0.013042167,2718.0637,0.44864452
THBS1,319,0.038658597,14993.302,0.46424338
THBS2,101,0.014604905,1183.89,0.4171104
THBS4,11,0.002063314,4.988324,0.39945605
TIAM1,142,0.023970816,966.63873,0.42250988
TIE1,58,0.012040986,112.796455,0.40734962
TIGIT,9,0.001110809,8.009376,0.38823724
TIMELESS,106,0.018067924,697.34503,0.41548797
TIMP1,102,0.017175293,8120.7983,0.4485589
TIMP2,228,0.031411774,4654.7354,0.45934322
TIMP3,158,0.024449488,5576.5127,0.44592032
TKTL1,15,0.002735363,11.9641285,0.39462638
TLE3,1,8.82E-05,0,0.31735313
TLR4,81,0.014829983,13492.131,0.41249782
TLR8,6,0.001288532,4.6651287,0.38486734
TLX1,2,1.90E-04,1.2482395,0.34366775
TM7SF2,71,0.013670013,238.56154,0.4106238
TMCO6,56,0.011499801,120.99261,0.40756157
TMED5,165,0.025394369,1791.9844,0.42541635
TMEM132A,101,0.01816243,434.64816,0.4152677
TMEM33,230,0.030820101,3914.4998,0.43680298
TMEM45A,53,0.008849237,123.1082,0.40784448
TMPO,243,0.033217847,4121.9507,0.4552499
TNF,69,0.009207125,12231.241,0.4512289
TNFAIP3,4,4.62E-04,0.827059,0.35370257
TNFAIP8L1,82,0.014213808,512.7168,0.41177502
TNFRSF11A,65,0.011984257,427.5257,0.40940768
TNFSF11,15,0.002580078,423.13672,0.4051724
TNKS2,249,0.03318597,4300.8237,0.43974552
TOB1,222,0.030286163,4942.659,0.43647847
TOP2A,224,0.031708453,3877.2878,0.44668314
TOP2B,191,0.028288778,2518.362,0.43526578
TOPBP1,150,0.024959615,1193.855,0.42742816
TP53,286,0.03234047,56099.184,0.508658
TP53BP1,152,0.024383646,1309.8892,0.42319468
TP53BP2,120,0.021015288,1121.6329,0.43214417
TP53INP1,273,0.033558242,7853.0493,0.45445755
TP63,66,0.01138247,10437.564,0.44056994
TP65,1,1.59E-04,0,0.32647958
TP73,69,0.01187205,621.53723,0.46599245
TPT1,169,0.024772542,2050.9875,0.42672962
TPX2,185,0.029033195,1883.548,0.42930216
TRA2A,94,0.016516142,505.3064,0.4146815
TRAF3,120,0.02047972,756.5928,0.4180007
TRAF4,136,0.022168843,1017.8085,0.42092064
TRAF6,96,0.017727707,748.12616,0.4344611
TRAPPC2B,54,0.008134712,266.62408,0.40482342
TREM2,11,0.002208043,4.532584,0.39662448
TRIB3,1,1.13E-04,0,0.32458565
TRIM11,105,0.013975825,1504.2366,0.41504768
TRIM16,2,2.30E-04,0.5201952,0.34216657
TRIM22,2,2.45E-04,0,0.3430156
TRIM24,118,0.021113284,603.36194,0.41807508
TRIM28,241,0.031814035,4748.236,0.45253226
TRIM29,26,0.005051103,53.346176,0.4003407
TRIM3,91,0.017335882,298.5727,0.41380525
TRIM44,170,0.027186535,1470.1332,0.4261106
TRIM62,45,0.009489195,60.08492,0.4053821
TRIP13,122,0.021506876,769.03156,0.4184473
TRIP4,29,0.00563335,27.925623,0.403295
TRIP6,92,0.016867392,370.50476,0.4369654
TRPM7,178,0.027085086,2422.8718,0.4275837
TRRAP,1,1.49E-04,0,0.32693377
TSC22D3,4,5.25E-04,4.8665094,0.35589883
TSG101,2,2.26E-04,0.09635764,0.32643422
TSPAN3,162,0.022310846,2089.5793,0.4244942
TTYH3,171,0.026258724,1746.3538,0.4271174
TUG1,125,0.02274177,1667.5281,0.41926852
TUSC3,37,0.005419231,67.07715,0.40164074
TWIST1,20,0.001718362,66.948296,0.36955497
TWIST2,29,0.004242078,220.90918,0.44415045
TXNDC5,137,0.023335753,846.71075,0.4206946
TXNIP,267,0.032714766,15313.909,0.4587156
TYK2,89,0.017663034,297.72153,0.42510855
TYMP,24,0.004966989,36.934746,0.42626518
TYMS,148,0.021128185,5732.0796,0.45366797
UBE2C,107,0.017198537,1679.3256,0.4344611
UBE2I,148,0.022974923,10824.813,0.42250988
UBE2N,123,0.019787924,800.0386,0.41904423
UBE2S,87,0.013971244,557.1702,0.43087643
UBE3A,204,0.030366646,2201.1555,0.43222365
UBR5,257,0.03473014,4349.559,0.44090056
UCA1,11,0.001641849,6.0505543,0.38753298
UFD1L,1,7.39E-05,0,0.29522613
UGCG,264,0.034703117,4941.2554,0.45366797
UHRF1,91,0.015827958,656.86743,0.45045045
ULBP2,48,0.008626767,93.46003,0.407279
URGCP,105,0.017398909,594.6325,0.41578203
URI1,116,0.019288525,837.86694,0.42541635
USF1,19,0.001326697,129.33894,0.36978757
USF2,14,0.001000948,71.11551,0.35845026
USP18,45,0.007878828,105.9959,0.40545204
USP22,237,0.032510836,3694.6497,0.43745345
UTF1,5,0.001024727,1.6715716,0.41105476
VASH1,98,0.016356144,616.4675,0.41600284
VCAM1,62,0.009325533,1396.1927,0.4398278
VDAC1,130,0.020599118,1051.4342,0.41979277
VDR,17,0.001346592,72.58044,0.36524713
VEGF,2,8.72E-06,0.5116007,0.27108085
VEGFA,326,0.03630263,70426.66,0.4980924
VEGFB,52,0.00900844,225.60425,0.44373113
VEGFC,97,0.016842313,955.6239,0.41904423
VEGFD,9,0.00140913,5.209608,0.42891037
VHL,12,0.001323887,22.790255,0.3736683
VIM,218,0.029302942,16949.805,0.46859422
VPS35,174,0.02731168,1438.3535,0.4275837
VPS53,132,0.021480981,1348.338,0.4202432
VTCN1,23,0.004661561,21.282131,0.4003407
VWF,118,0.020660691,4558.448,0.44473884
WDR5,1,1.64E-04,0,0.3426655
WEE1,299,0.0358168,10667.938,0.4527066
WHSC1,2,1.79E-04,0.44958103,0.33513975
WIF1,38,0.007475509,48.31725,0.4283631
WNK2,96,0.01722954,398.94766,0.41482788
WNT1,25,0.004232271,54.10993,0.40191552
WNT11,17,0.00266149,69.07155,0.39709362
WNT2,28,0.004431343,393.33038,0.40020436
WNT2B,72,0.014482126,237.86404,0.4149744
WNT3A,34,0.006455009,48.386345,0.40955037
WNT5A,138,0.021866048,3462.2676,0.42220625
WT1,31,0.002889514,251.48943,0.39251712
WWC2,111,0.019837363,700.2845,0.4177035
WWOX,46,0.010575336,53.584534,0.41725853
WWP1,2,1.99E-04,0.07133141,0.30831802
WWTR1,3,2.38E-04,0.38123992,0.33210853
XBP1,6,5.43E-04,8.346064,0.35317102
XPNPEP2,8,0.001994586,3.1604517,0.397295
XPO1,293,0.03621941,6979.5366,0.4637853
XRCC5,2,1.97E-04,0.45826364,0.33286119
XRCC6,1,8.69E-05,0,0.3148024
YAP1,237,0.031932525,4562.5894,0.4376979
YBX1,19,0.001741075,65.68606,0.3723067
YEATS4,1,1.26E-04,0,0.33720765
YIF1A,62,0.012756632,124.67704,0.40883785
YOD1,299,0.03667521,7066.606,0.44821668
YTHDF1,222,0.029370615,3948.1519,0.4347022
YWHAZ,222,0.030931765,3361.421,0.43534642
YY1,322,0.038056374,24114.637,0.494841
ZBTB14,1,7.07E-05,0,0.3156905
ZBTB16,5,3.46E-04,5.0377703,0.34057972
ZBTB17,1,1.52E-04,0,0.33890972
ZBTB2,3,4.31E-04,0.28019357,0.35877863
ZBTB5,1,1.52E-04,0,0.33890972
ZBTB7A,4,4.41E-04,3.8983376,0.35509217
ZC3H13,158,0.024861382,1443.3875,0.42518544
ZEB1,148,0.019840986,12141.265,0.45542637
ZEB2,195,0.02869289,10245.863,0.44339624
ZFHX3,2,2.44E-04,0.64471316,0.343216
ZFP36,6,5.83E-04,8.568198,0.35205993
ZFP36L1,1,1.42E-04,0,0.33253148
ZHX2,1,7.01E-05,0,0.31266633
ZIC1,5,4.64E-04,1.7998415,0.3730751
ZIC2,137,0.021101529,1114.5438,0.42114696
ZMYND11,1,7.38E-05,0,0.3177393
ZNF148,3,1.96E-04,1.1723772,0.32834986
ZNF160,1,5.79E-05,0,0.2920706
ZNF175,1,8.76E-06,0,0.29334664
ZNF177,19,0.003788438,11.345305,0.39783308
ZNF217,264,0.032808386,6212.8086,0.45604503
ZNF24,5,5.37E-04,7.8754797,0.35032797
ZNF267,1,1.69E-05,0,0.3011276
ZNF281,286,0.035598557,5699.067,0.4461743
ZNF300,5,5.72E-04,6.2849755,0.36076143
ZNF350,34,0.005756392,104.20478,0.43325958
ZNF382,7,9.19E-04,3.4010022,0.3723067
ZNF383,1,1.28E-04,0,0.33657977
ZNF410,1,3.76E-05,0,0.31225085
ZNF516,136,0.023095114,924.2688,0.4206193
ZNF582,13,0.001122559,13.27145,0.3809987
ZNF76,1,1.52E-04,0,0.33890972
ZNRD1,2,1.91E-04,0.58312124,0.33215547
ZWINT,126,0.0191856,1490.4312,0.41934332